Doc_ID,Sentence_ID,Country,Year,Document_Name,entity_name,ner_label,qh_category,qh_sub_category,qh_exact_category
1,10,CAN,2022,Canada's National Quantum Strategy,Government of Canada,ORG,,,
1,102,CAN,2022,Canada's National Quantum Strategy,Standards Council of Canada,ORG,,,
1,111,CAN,2022,Canada's National Quantum Strategy,Bank of Canada,ORG,,,
1,118,CAN,2022,Canada's National Quantum Strategy,Quantum Computing,ORG,,,
1,118,CAN,2022,Canada's National Quantum Strategy,Innovative Solutions Canada,ORG,,,
1,118,CAN,2022,Canada's National Quantum Strategy,ISC,ORG,,,
1,119,CAN,2022,Canada's National Quantum Strategy,ISC,ORG,,,
1,120,CAN,2022,Canada's National Quantum Strategy,ISC,ORG,,,
1,121,CAN,2022,Canada's National Quantum Strategy,NRC,ORG,,,
1,122,CAN,2022,Canada's National Quantum Strategy,Government of Canada,ORG,,,
1,13,CAN,2022,Canada's National Quantum Strategy,Government of Canada,ORG,,,
1,130,CAN,2022,Canada's National Quantum Strategy,Government of Canada,ORG,,,
1,134,CAN,2022,Canada's National Quantum Strategy,Government of Canada,ORG,,,
1,14,CAN,2022,Canada's National Quantum Strategy,Government of Canada,ORG,,,
1,140,CAN,2022,Canada's National Quantum Strategy,Government of Canada,ORG,,,
1,145,CAN,2022,Canada's National Quantum Strategy,Government of Canada,ORG,,,
1,150,CAN,2022,Canada's National Quantum Strategy,Government of Canada,ORG,,,
1,155,CAN,2022,Canada's National Quantum Strategy,Communications Security Establishment,ORG,,,
1,155,CAN,2022,Canada's National Quantum Strategy,Government of Canada,ORG,,,
1,157,CAN,2022,Canada's National Quantum Strategy,Government of Canada,ORG,,,
1,158,CAN,2022,Canada's National Quantum Strategy,QEYSSat,ORG,,,
1,158,CAN,2022,Canada's National Quantum Strategy,Government of Canada,ORG,,,
1,158,CAN,2022,Canada's National Quantum Strategy,Quantum Encryption and Science Satellite,ORG,,,
1,160,CAN,2022,Canada's National Quantum Strategy,Secure Networks Challenge Program,ORG,,,
1,160,CAN,2022,Canada's National Quantum Strategy,NRC,ORG,,,
1,161,CAN,2022,Canada's National Quantum Strategy,ISC,ORG,,,
1,162,CAN,2022,Canada's National Quantum Strategy,Government of Canada,ORG,,,
1,164,CAN,2022,Canada's National Quantum Strategy,Government of Canada,ORG,,,
1,169,CAN,2022,Canada's National Quantum Strategy,Government of Canada,ORG,,,
1,170,CAN,2022,Canada's National Quantum Strategy,Government of Canada,ORG,,,
1,172,CAN,2022,Canada's National Quantum Strategy,Government of Canada,ORG,,,
1,176,CAN,2022,Canada's National Quantum Strategy,Government of Canada,ORG,,,
1,183,CAN,2022,Canada's National Quantum Strategy,NQS,ORG,,,
1,184,CAN,2022,Canada's National Quantum Strategy,Government of Canada,ORG,,,
1,187,CAN,2022,Canada's National Quantum Strategy,Department of National Defence,ORG,,,
1,187,CAN,2022,Canada's National Quantum Strategy,DND,ORG,,,
1,188,CAN,2022,Canada's National Quantum Strategy,Internet of Things,ORG,,,
1,188,CAN,2022,Canada's National Quantum Strategy,NRC,ORG,,,
1,189,CAN,2022,Canada's National Quantum Strategy,Innovative Solutions Canada,ORG,,,
1,189,CAN,2022,Canada's National Quantum Strategy,ISC,ORG,,,
1,190,CAN,2022,Canada's National Quantum Strategy,ISC,ORG,,,
1,192,CAN,2022,Canada's National Quantum Strategy,Government of Canada,ORG,,,
1,198,CAN,2022,Canada's National Quantum Strategy,Government of Canada,ORG,,,
1,202,CAN,2022,Canada's National Quantum Strategy,NQS,ORG,,,
1,204,CAN,2022,Canada's National Quantum Strategy,NQS,ORG,,,
1,210,CAN,2022,Canada's National Quantum Strategy,IQC,ORG,,,
1,210,CAN,2022,Canada's National Quantum Strategy,University of Waterloo,ORG,,,
1,212,CAN,2022,Canada's National Quantum Strategy,IQC,ORG,,,
1,212,CAN,2022,Canada's National Quantum Strategy,Government of Canada,ORG,,,
1,213,CAN,2022,Canada's National Quantum Strategy,IQC,ORG,,,
1,213,CAN,2022,Canada's National Quantum Strategy,Quantum Valley Ideas Lab,ORG,,,
1,213,CAN,2022,Canada's National Quantum Strategy,Perimeter Institute,ORG,,,
1,215,CAN,2022,Canada's National Quantum Strategy,Canada First Research Excellence Fund,ORG,,,
1,215,CAN,2022,Canada's National Quantum Strategy,Government of Canada,ORG,,,
1,215,CAN,2022,Canada's National Quantum Strategy,CFREF,ORG,,,
1,216,CAN,2022,Canada's National Quantum Strategy,CFREF,ORG,,,
1,217,CAN,2022,Canada's National Quantum Strategy,QEYSSat,ORG,,,
1,217,CAN,2022,Canada's National Quantum Strategy,Canadian Space Agency,ORG,,,
1,218,CAN,2022,Canada's National Quantum Strategy,QEYSSat,ORG,,,
1,219,CAN,2022,Canada's National Quantum Strategy,Natural Sciences and Engineering Research Council of Canada,ORG,,,
1,219,CAN,2022,Canada's National Quantum Strategy,NSERC,ORG,,,
1,219,CAN,2022,Canada's National Quantum Strategy,CFI,ORG,,,
1,223,CAN,2022,Canada's National Quantum Strategy,NSERC,ORG,,,
1,223,CAN,2022,Canada's National Quantum Strategy,CFREF,ORG,,,
1,223,CAN,2022,Canada's National Quantum Strategy,C2MI,ORG,,,
1,223,CAN,2022,Canada's National Quantum Strategy,CFI,ORG,,,
1,223,CAN,2022,Canada's National Quantum Strategy,MiQro Innovation Collaborative Center,ORG,,,
1,223,CAN,2022,Canada's National Quantum Strategy,Government of Canada,ORG,,,
1,223,CAN,2022,Canada's National Quantum Strategy,Quantum Algorithms Institute,ORG,,,
1,226,CAN,2022,Canada's National Quantum Strategy,Government of Canada,ORG,,,
1,229,CAN,2022,Canada's National Quantum Strategy,Government of Canada,ORG,,,
1,229,CAN,2022,Canada's National Quantum Strategy,NSERC,ORG,,,
1,230,CAN,2022,Canada's National Quantum Strategy,NSERC Alliance,ORG,,,
1,232,CAN,2022,Canada's National Quantum Strategy,NQS,ORG,,,
1,233,CAN,2022,Canada's National Quantum Strategy,NQS,ORG,,,
1,233,CAN,2022,Canada's National Quantum Strategy,Government of Canada,ORG,,,
1,236,CAN,2022,Canada's National Quantum Strategy,NRC,ORG,,,
1,237,CAN,2022,Canada's National Quantum Strategy,Communications Security Establishment,ORG,,,
1,237,CAN,2022,Canada's National Quantum Strategy,CSE,ORG,,,
1,237,CAN,2022,Canada's National Quantum Strategy,Canadian Space Agency,ORG,,,
1,237,CAN,2022,Canada's National Quantum Strategy,DND,ORG,,,
1,238,CAN,2022,Canada's National Quantum Strategy,QRDI,ORG,,,
1,238,CAN,2022,Canada's National Quantum Strategy,Government of Canada,ORG,,,
1,238,CAN,2022,Canada's National Quantum Strategy,Quantum Research and Development Initiative,ORG,,,
1,239,CAN,2022,Canada's National Quantum Strategy,QRDI,ORG,,,
1,241,CAN,2022,Canada's National Quantum Strategy,IDEaS  Innovation for Defence Excellence and Security,ORG,,,
1,242,CAN,2022,Canada's National Quantum Strategy,DND,ORG,,,
1,242,CAN,2022,Canada's National Quantum Strategy,Canadian Armed Forces,ORG,,,
1,25,CAN,2022,Canada's National Quantum Strategy,NRC,ORG,,,
1,25,CAN,2022,Canada's National Quantum Strategy,National Research Council of Canada,ORG,,,
1,253,CAN,2022,Canada's National Quantum Strategy,Université de Sherbrooke,ORG,,,
1,254,CAN,2022,Canada's National Quantum Strategy,Institute for Quantum Computing,ORG,,,
1,255,CAN,2022,Canada's National Quantum Strategy,Stewart Blusson Quantum Matter Institute,ORG,,,
1,255,CAN,2022,Canada's National Quantum Strategy,Institut Quantique,ORG,,,
1,257,CAN,2022,Canada's National Quantum Strategy,Government of Canada,ORG,,,
1,257,CAN,2022,Canada's National Quantum Strategy,Mitacs,ORG,,,
1,258,CAN,2022,Canada's National Quantum Strategy,NSERC,ORG,,,
1,266,CAN,2022,Canada's National Quantum Strategy,Government of Canada,ORG,,,
1,273,CAN,2022,Canada's National Quantum Strategy,Government of Canada,ORG,,,
1,274,CAN,2022,Canada's National Quantum Strategy,NQS,ORG,,,
1,274,CAN,2022,Canada's National Quantum Strategy,Mitacs,ORG,,,
1,274,CAN,2022,Canada's National Quantum Strategy,NSERC,ORG,,,
1,275,CAN,2022,Canada's National Quantum Strategy,NSERC CREATE,ORG,,,
1,276,CAN,2022,Canada's National Quantum Strategy,Mitacs,ORG,,,
1,277,CAN,2022,Canada's National Quantum Strategy,Mitacs,ORG,,,
1,277,CAN,2022,Canada's National Quantum Strategy,NQS,ORG,,,
1,277,CAN,2022,Canada's National Quantum Strategy,Government of Canada,ORG,,,
1,280,CAN,2022,Canada's National Quantum Strategy,Mitacs Accelerate International,ORG,,,
1,281,CAN,2022,Canada's National Quantum Strategy,Government of Canada,ORG,,,
1,281,CAN,2022,Canada's National Quantum Strategy,NSERC,ORG,,,
1,282,CAN,2022,Canada's National Quantum Strategy,NQS,ORG,,,
1,284,CAN,2022,Canada's National Quantum Strategy,Alliance International,ORG,,,
1,285,CAN,2022,Canada's National Quantum Strategy,"Immigration, Refugees and Citizenship Canada",ORG,,,
1,285,CAN,2022,Canada's National Quantum Strategy,GAC,ORG,,,
1,285,CAN,2022,Canada's National Quantum Strategy,Global Affairs Canada,ORG,,,
1,286,CAN,2022,Canada's National Quantum Strategy,NQS,ORG,,,
1,286,CAN,2022,Canada's National Quantum Strategy,Government of Canada,ORG,,,
1,287,CAN,2022,Canada's National Quantum Strategy,Budget 2022,ORG,,,
1,287,CAN,2022,Canada's National Quantum Strategy,CSE,ORG,,,
1,288,CAN,2022,Canada's National Quantum Strategy,NQS,ORG,,,
1,290,CAN,2022,Canada's National Quantum Strategy,NQS,ORG,,,
1,291,CAN,2022,Canada's National Quantum Strategy,Government of Canada,ORG,,,
1,292,CAN,2022,Canada's National Quantum Strategy,NQS,ORG,,,
1,293,CAN,2022,Canada's National Quantum Strategy,NQS,ORG,,,
1,295,CAN,2022,Canada's National Quantum Strategy,ISED,ORG,,,
1,295,CAN,2022,Canada's National Quantum Strategy,"Innovation, Science and Economic Development Canada",ORG,,,
1,298,CAN,2022,Canada's National Quantum Strategy,Tri-Agency EDI Action Plan,ORG,,,
1,298,CAN,2022,Canada's National Quantum Strategy,NSERC,ORG,,,
1,299,CAN,2022,Canada's National Quantum Strategy,Alliance,ORG,,,
1,299,CAN,2022,Canada's National Quantum Strategy,EDI,ORG,,,
1,30,CAN,2022,Canada's National Quantum Strategy,D-Wave,ORG,,,
1,300,CAN,2022,Canada's National Quantum Strategy,EDI,ORG,,,
1,301,CAN,2022,Canada's National Quantum Strategy,Perimeter Institute,ORG,,,
1,301,CAN,2022,Canada's National Quantum Strategy,International Summer School for Young Physicists,ORG,,,
1,301,CAN,2022,Canada's National Quantum Strategy,EDI,ORG,,,
1,302,CAN,2022,Canada's National Quantum Strategy,Perimeter,ORG,,,
1,302,CAN,2022,Canada's National Quantum Strategy,PSI,ORG,,,
1,307,CAN,2022,Canada's National Quantum Strategy,Statistics Canada,ORG,,,
1,307,CAN,2022,Canada's National Quantum Strategy,Quantum Industry Canada,ORG,,,
1,308,CAN,2022,Canada's National Quantum Strategy,Creative Destruction Lab,ORG,,,
1,31,CAN,2022,Canada's National Quantum Strategy,World Economic Forum,ORG,,,
1,313,CAN,2022,Canada's National Quantum Strategy,Government of Canada,ORG,,,
1,314,CAN,2022,Canada's National Quantum Strategy,Government of Canada,ORG,,,
1,315,CAN,2022,Canada's National Quantum Strategy,IRAP,ORG,,,
1,315,CAN,2022,Canada's National Quantum Strategy,NRC’s Industrial Research Assistance Program,ORG,,,
1,316,CAN,2022,Canada's National Quantum Strategy,Government of Canada,ORG,,,
1,316,CAN,2022,Canada's National Quantum Strategy,CED,ORG,,,
1,316,CAN,2022,Canada's National Quantum Strategy,Canada Economic Development for Quebec Regions,ORG,,,
1,316,CAN,2022,Canada's National Quantum Strategy,FedDev Ontario,ORG,,,
1,316,CAN,2022,Canada's National Quantum Strategy,WD,ORG,,,
1,316,CAN,2022,Canada's National Quantum Strategy,Federal Economic Development Agency for Southern Ontario,ORG,,,
1,316,CAN,2022,Canada's National Quantum Strategy,Western Economic Diversification,ORG,,,
1,316,CAN,2022,Canada's National Quantum Strategy,ISC,ORG,,,
1,317,CAN,2022,Canada's National Quantum Strategy,GAC,ORG,,,
1,317,CAN,2022,Canada's National Quantum Strategy,NRC IRAP,ORG,,,
1,317,CAN,2022,Canada's National Quantum Strategy,Canadian International Innovation Program,ORG,,,
1,318,CAN,2022,Canada's National Quantum Strategy,SIF,ORG,,,
1,318,CAN,2022,Canada's National Quantum Strategy,D-Wave,ORG,,,
1,318,CAN,2022,Canada's National Quantum Strategy,Government of Canada,ORG,,,
1,319,CAN,2022,Canada's National Quantum Strategy,Deep Tech Venture Fund,ORG,,,
1,319,CAN,2022,Canada's National Quantum Strategy,Nord Quantique,ORG,,,
1,319,CAN,2022,Canada's National Quantum Strategy,Business Development Bank of Canada,ORG,,,
1,319,CAN,2022,Canada's National Quantum Strategy,BDC,ORG,,,
1,319,CAN,2022,Canada's National Quantum Strategy,Xanadu,ORG,,,
1,32,CAN,2022,Canada's National Quantum Strategy,Xanadu,ORG,,,
1,32,CAN,2022,Canada's National Quantum Strategy,PennyLane,ORG,,,
1,320,CAN,2022,Canada's National Quantum Strategy,BDC,ORG,,,
1,321,CAN,2022,Canada's National Quantum Strategy,D-Wave,ORG,,,
1,321,CAN,2022,Canada's National Quantum Strategy,BDC,ORG,,,
1,322,CAN,2022,Canada's National Quantum Strategy,Government of Canada,ORG,,,
1,323,CAN,2022,Canada's National Quantum Strategy,DND,ORG,,,
1,324,CAN,2022,Canada's National Quantum Strategy,Government of Canada,ORG,,,
1,325,CAN,2022,Canada's National Quantum Strategy,Government of Canada,ORG,,,
1,327,CAN,2022,Canada's National Quantum Strategy,SIF,ORG,,,
1,327,CAN,2022,Canada's National Quantum Strategy,BDC Deep Tech Venture Fund,ORG,,,
1,33,CAN,2022,Canada's National Quantum Strategy,Government of Canada,ORG,,,
1,330,CAN,2022,Canada's National Quantum Strategy,NQS,ORG,,,
1,331,CAN,2022,Canada's National Quantum Strategy,NQS,ORG,,,
1,331,CAN,2022,Canada's National Quantum Strategy,Government of Canada,ORG,,,
1,331,CAN,2022,Canada's National Quantum Strategy,NRC,ORG,,,
1,332,CAN,2022,Canada's National Quantum Strategy,REGI,ORG,,,
1,332,CAN,2022,Canada's National Quantum Strategy,PrairiesCan,ORG,,,
1,332,CAN,2022,Canada's National Quantum Strategy,CED,ORG,,,
1,332,CAN,2022,Canada's National Quantum Strategy,FedDev Ontario,ORG,,,
1,332,CAN,2022,Canada's National Quantum Strategy,Regional Economic Growth through Innovation,ORG,,,
1,332,CAN,2022,Canada's National Quantum Strategy,PacifiCan,ORG,,,
1,333,CAN,2022,Canada's National Quantum Strategy,REGI,ORG,,,
1,334,CAN,2022,Canada's National Quantum Strategy,FedDev Ontario,ORG,,,
1,335,CAN,2022,Canada's National Quantum Strategy,NQS,ORG,,,
1,335,CAN,2022,Canada's National Quantum Strategy,Government of Canada,ORG,,,
1,335,CAN,2022,Canada's National Quantum Strategy,Global Innovation Clusters,ORG,,,
1,336,CAN,2022,Canada's National Quantum Strategy,ISC,ORG,,,
1,336,CAN,2022,Canada's National Quantum Strategy,Government of Canada,ORG,,,
1,337,CAN,2022,Canada's National Quantum Strategy,NQS,ORG,,,
1,337,CAN,2022,Canada's National Quantum Strategy,Government of Canada,ORG,,,
1,338,CAN,2022,Canada's National Quantum Strategy,Canadian Armed Forces Quantum Science and Technology,ORG,,,
1,338,CAN,2022,Canada's National Quantum Strategy,S&T,ORG,,,
1,338,CAN,2022,Canada's National Quantum Strategy,Department of National Defence,ORG,,,
1,339,CAN,2022,Canada's National Quantum Strategy,S&T Strategy,ORG,,,
1,340,CAN,2022,Canada's National Quantum Strategy,Government of Canada,ORG,,,
1,342,CAN,2022,Canada's National Quantum Strategy,NQS,ORG,,,
1,342,CAN,2022,Canada's National Quantum Strategy,Government of Canada,ORG,,,
1,344,CAN,2022,Canada's National Quantum Strategy,NQS,ORG,,,
1,344,CAN,2022,Canada's National Quantum Strategy,Quantum Advisory Council,ORG,,,
1,345,CAN,2022,Canada's National Quantum Strategy,Council,ORG,,,
1,346,CAN,2022,Canada's National Quantum Strategy,Quantum Industry Canada,ORG,,,
1,346,CAN,2022,Canada's National Quantum Strategy,Council,ORG,,,
1,347,CAN,2022,Canada's National Quantum Strategy,NQS,ORG,,,
1,349,CAN,2022,Canada's National Quantum Strategy,Government of Canada,ORG,,,
1,350,CAN,2022,Canada's National Quantum Strategy,NQS,ORG,,,
1,351,CAN,2022,Canada's National Quantum Strategy,Quantum Committee,ORG,,,
1,352,CAN,2022,Canada's National Quantum Strategy,NQS Secretariat,ORG,,,
1,353,CAN,2022,Canada's National Quantum Strategy,NQS Secretariat,ORG,,,
1,354,CAN,2022,Canada's National Quantum Strategy,NQS,ORG,,,
1,355,CAN,2022,Canada's National Quantum Strategy,Sherbrooke Quantum Innovation Zone,ORG,,,
1,355,CAN,2022,Canada's National Quantum Strategy,Government of Quebec,ORG,,,
1,356,CAN,2022,Canada's National Quantum Strategy,Institut Quantique,ORG,,,
1,356,CAN,2022,Canada's National Quantum Strategy,IBM Quantum Hub,ORG,,,
1,356,CAN,2022,Canada's National Quantum Strategy,IBM,ORG,,,
1,356,CAN,2022,Canada's National Quantum Strategy,Anyon Systems,ORG,,,
1,356,CAN,2022,Canada's National Quantum Strategy,IBM Q System One,ORG,,,
1,358,CAN,2022,Canada's National Quantum Strategy,Government of Ontario,ORG,,,
1,358,CAN,2022,Canada's National Quantum Strategy,Perimeter Institute for Theoretical Physics,ORG,,,
1,359,CAN,2022,Canada's National Quantum Strategy,Institute for Quantum Computing,ORG,,,
1,360,CAN,2022,Canada's National Quantum Strategy,Government of Alberta,ORG,,,
1,361,CAN,2022,Canada's National Quantum Strategy,Alberta Technology and Innovation Strategy,ORG,,,
1,362,CAN,2022,Canada's National Quantum Strategy,University of Alberta,ORG,,,
1,362,CAN,2022,Canada's National Quantum Strategy,University of Lethbridge,ORG,,,
1,362,CAN,2022,Canada's National Quantum Strategy,University of Calgary,ORG,,,
1,363,CAN,2022,Canada's National Quantum Strategy,Government of British Columbia,ORG,,,
1,363,CAN,2022,Canada's National Quantum Strategy,Quantum Algorithms Institute,ORG,,,
1,364,CAN,2022,Canada's National Quantum Strategy,NQS,ORG,,,
1,364,CAN,2022,Canada's National Quantum Strategy,Government of Canada,ORG,,,
1,365,CAN,2022,Canada's National Quantum Strategy,NQS,ORG,,,
1,369,CAN,2022,Canada's National Quantum Strategy,Canadian Institute for Advanced Research  CIFAR,ORG,,,
1,377,CAN,2022,Canada's National Quantum Strategy,Government of Canada,ORG,,,
1,378,CAN,2022,Canada's National Quantum Strategy,Quantum Technologies Competition,ORG,,,
1,378,CAN,2022,Canada's National Quantum Strategy,NSERC-UK Research and Innovation,ORG,,,
1,378,CAN,2022,Canada's National Quantum Strategy,UKRI,ORG,,,
1,379,CAN,2022,Canada's National Quantum Strategy,NSERC,ORG,,,
1,379,CAN,2022,Canada's National Quantum Strategy,U.S. National Science Foundation,ORG,,,
1,380,CAN,2022,Canada's National Quantum Strategy,NSERC,ORG,,,
1,380,CAN,2022,Canada's National Quantum Strategy,Horizon Europe,ORG,,,
1,380,CAN,2022,Canada's National Quantum Strategy,European Commission,ORG,,,
1,381,CAN,2022,Canada's National Quantum Strategy,NSERC Alliance,ORG,,,
1,381,CAN,2022,Canada's National Quantum Strategy,Government of Canada,ORG,,,
1,382,CAN,2022,Canada's National Quantum Strategy,Government of Canada,ORG,,,
1,389,CAN,2022,Canada's National Quantum Strategy,NQS,ORG,,,
1,390,CAN,2022,Canada's National Quantum Strategy,National Security Guidelines for Research Partnerships,ORG,,,
1,390,CAN,2022,Canada's National Quantum Strategy,National Security Review of Investments,ORG,,,
1,392,CAN,2022,Canada's National Quantum Strategy,Government of Canada,ORG,,,
1,393,CAN,2022,Canada's National Quantum Strategy,Mitacs,ORG,,,
1,393,CAN,2022,Canada's National Quantum Strategy,Government of Canada,ORG,,,
1,394,CAN,2022,Canada's National Quantum Strategy,GAC,ORG,,,
1,394,CAN,2022,Canada's National Quantum Strategy,TCS,ORG,,,
1,395,CAN,2022,Canada's National Quantum Strategy,TCS,ORG,,,
1,395,CAN,2022,Canada's National Quantum Strategy,Invest,ORG,,,
1,395,CAN,2022,Canada's National Quantum Strategy,NQS,ORG,,,
1,396,CAN,2022,Canada's National Quantum Strategy,NQS,ORG,,,
1,396,CAN,2022,Canada's National Quantum Strategy,Canadian International Innovation Program,ORG,,,
1,396,CAN,2022,Canada's National Quantum Strategy,TCS,ORG,,,
1,399,CAN,2022,Canada's National Quantum Strategy,Government of Canada,ORG,,,
1,4,CAN,2022,Canada's National Quantum Strategy,The National Quantum Strategy,ORG,,,
1,4,CAN,2022,Canada's National Quantum Strategy,NQS,ORG,,,
1,404,CAN,2022,Canada's National Quantum Strategy,Government of Canada,ORG,,,
1,405,CAN,2022,Canada's National Quantum Strategy,Government of Canada,ORG,,,
1,406,CAN,2022,Canada's National Quantum Strategy,NSERC Alliance,ORG,,,
1,406,CAN,2022,Canada's National Quantum Strategy,National Research Council of Canada,ORG,,,
1,406,CAN,2022,Canada's National Quantum Strategy,NRC,ORG,,,
1,406,CAN,2022,Canada's National Quantum Strategy,NQS,ORG,,,
1,406,CAN,2022,Canada's National Quantum Strategy,Government of Canada,ORG,,,
1,406,CAN,2022,Canada's National Quantum Strategy,RESEARCH PILLAR   Research,ORG,,,
1,406,CAN,2022,Canada's National Quantum Strategy,Natural Sciences and Engineering Research Council of Canada,ORG,,,
1,406,CAN,2022,Canada's National Quantum Strategy,NSERC,ORG,,,
1,407,CAN,2022,Canada's National Quantum Strategy,CERC,ORG,,,
1,407,CAN,2022,Canada's National Quantum Strategy,Canada Excellence Research Chairs Program,ORG,,,
1,408,CAN,2022,Canada's National Quantum Strategy,CFREF,ORG,,,
1,408,CAN,2022,Canada's National Quantum Strategy,Canada First Research Excellence Fund,ORG,,,
1,409,CAN,2022,Canada's National Quantum Strategy,NFRF,ORG,,,
1,409,CAN,2022,Canada's National Quantum Strategy,New Frontiers in Research Fund,ORG,,,
1,410,CAN,2022,Canada's National Quantum Strategy,NSERC,ORG,,,
1,411,CAN,2022,Canada's National Quantum Strategy,NSERC,ORG,,,
1,411,CAN,2022,Canada's National Quantum Strategy,U.S. National Science Foundation,ORG,,,
1,411,CAN,2022,Canada's National Quantum Strategy,NSF,ORG,,,
1,411,CAN,2022,Canada's National Quantum Strategy,NSERC-National Science Foundation,ORG,,,
1,412,CAN,2022,Canada's National Quantum Strategy,NSERC,ORG,,,
1,412,CAN,2022,Canada's National Quantum Strategy,NSF,ORG,,,
1,413,CAN,2022,Canada's National Quantum Strategy,Global Affairs Canada,ORG,,,
1,413,CAN,2022,Canada's National Quantum Strategy,CIIP,ORG,,,
1,413,CAN,2022,Canada's National Quantum Strategy,Canadian International Innovation Program,ORG,,,
1,414,CAN,2022,Canada's National Quantum Strategy,IDEaS,ORG,,,
1,414,CAN,2022,Canada's National Quantum Strategy,Department of National Defence,ORG,,,
1,414,CAN,2022,Canada's National Quantum Strategy,DRDC,ORG,,,
1,414,CAN,2022,Canada's National Quantum Strategy,DND,ORG,,,
1,414,CAN,2022,Canada's National Quantum Strategy,Innovation for Defence Excellence and Security,ORG,,,
1,414,CAN,2022,Canada's National Quantum Strategy,Defence Research and Development Canada,ORG,,,
1,416,CAN,2022,Canada's National Quantum Strategy,CFI,ORG,,,
1,416,CAN,2022,Canada's National Quantum Strategy,Innovation Fund – Canada Foundation for Innovation,ORG,,,
1,417,CAN,2022,Canada's National Quantum Strategy,John R. Evans Leaders Fund,ORG,,,
1,417,CAN,2022,Canada's National Quantum Strategy,Canada Foundation for Innovation,ORG,,,
1,417,CAN,2022,Canada's National Quantum Strategy,CFI,ORG,,,
1,418,CAN,2022,Canada's National Quantum Strategy,Perimeter Institute for Theoretical Physics,ORG,,,
1,419,CAN,2022,Canada's National Quantum Strategy,Refugees and Citizenship Canada,ORG,,,
1,419,CAN,2022,Canada's National Quantum Strategy,Mitacs,ORG,,,
1,419,CAN,2022,Canada's National Quantum Strategy,NSERC,ORG,,,
1,419,CAN,2022,Canada's National Quantum Strategy,NQS,ORG,,,
1,427,CAN,2022,Canada's National Quantum Strategy,PTs,ORG,,,
1,428,CAN,2022,Canada's National Quantum Strategy,ESDC,ORG,,,
1,428,CAN,2022,Canada's National Quantum Strategy,Global Talent Stream – Employment and Social Development Canada,ORG,,,
1,43,CAN,2022,Canada's National Quantum Strategy,National Quantum Strategy,ORG,,,
1,430,CAN,2022,Canada's National Quantum Strategy,NRC,ORG,,,
1,430,CAN,2022,Canada's National Quantum Strategy,Government of Canada,ORG,,,
1,432,CAN,2022,Canada's National Quantum Strategy,Government of Canada,ORG,,,
1,432,CAN,2022,Canada's National Quantum Strategy,Public Service Commission of Canada,ORG,,,
1,433,CAN,2022,Canada's National Quantum Strategy,PacifiCan,ORG,,,
1,433,CAN,2022,Canada's National Quantum Strategy,ITB,ORG,,,
1,433,CAN,2022,Canada's National Quantum Strategy,Pacific Economic Development Canada,ORG,,,
1,433,CAN,2022,Canada's National Quantum Strategy,ISED,ORG,,,
1,433,CAN,2022,Canada's National Quantum Strategy,Prairies Economic Development Canada,ORG,,,
1,433,CAN,2022,Canada's National Quantum Strategy,Federal Economic Development Agency for Southern Ontario,ORG,,,
1,433,CAN,2022,Canada's National Quantum Strategy,FedDev Ontario,ORG,,,
1,433,CAN,2022,Canada's National Quantum Strategy,PrairiesCan,ORG,,,
1,433,CAN,2022,Canada's National Quantum Strategy,CED,ORG,,,
1,433,CAN,2022,Canada's National Quantum Strategy,Canada Economic Development for Quebec Regions,ORG,,,
1,434,CAN,2022,Canada's National Quantum Strategy,Canadian Coast Guard,ORG,,,
1,434,CAN,2022,Canada's National Quantum Strategy,ITB Policy,ORG,,,
1,436,CAN,2022,Canada's National Quantum Strategy,ITB Policy,ORG,,,
1,437,CAN,2022,Canada's National Quantum Strategy,Trade Commissioner Service,ORG,,,
1,437,CAN,2022,Canada's National Quantum Strategy,TCS,ORG,,,
1,437,CAN,2022,Canada's National Quantum Strategy,Canada Trade Commissioner Service – Global Affairs Canada,ORG,,,
1,437,CAN,2022,Canada's National Quantum Strategy,GAC,ORG,,,
1,437,CAN,2022,Canada's National Quantum Strategy,NQS,ORG,,,
1,437,CAN,2022,Canada's National Quantum Strategy,Government of Canada,ORG,,,
1,438,CAN,2022,Canada's National Quantum Strategy,RegionalBusiness Network,ORG,,,
1,438,CAN,2022,Canada's National Quantum Strategy,GAC,ORG,,,
1,439,CAN,2022,Canada's National Quantum Strategy,NRC,ORG,,,
1,440,CAN,2022,Canada's National Quantum Strategy,NRC IRAP,ORG,,,
1,441,CAN,2022,Canada's National Quantum Strategy,Space Technology Development Program,ORG,,,
1,441,CAN,2022,Canada's National Quantum Strategy,Canadian Space Agency,ORG,,,
1,441,CAN,2022,Canada's National Quantum Strategy,CSA,ORG,,,
1,441,CAN,2022,Canada's National Quantum Strategy,STDP,ORG,,,
1,442,CAN,2022,Canada's National Quantum Strategy,SIF,ORG,,,
1,442,CAN,2022,Canada's National Quantum Strategy,Science and Economic Development Canada,ORG,,,
1,442,CAN,2022,Canada's National Quantum Strategy,ISED,ORG,,,
1,442,CAN,2022,Canada's National Quantum Strategy,Strategic Innovation Fund,ORG,,,
1,443,CAN,2022,Canada's National Quantum Strategy,CSA,ORG,,,
1,443,CAN,2022,Canada's National Quantum Strategy,QEYSSat,ORG,,,
1,444,CAN,2022,Canada's National Quantum Strategy,BDC,ORG,,,
1,444,CAN,2022,Canada's National Quantum Strategy,Deep Tech Venture Fund – Business Development Bank of Canada,ORG,,,
1,59,CAN,2022,Canada's National Quantum Strategy,Commercialization  Stakeholders,ORG,,,
1,6,CAN,2022,Canada's National Quantum Strategy,Government of Canada,ORG,,,
1,64,CAN,2022,Canada's National Quantum Strategy,Government of Canada,ORG,,,
1,7,CAN,2022,Canada's National Quantum Strategy,NQS,ORG,,,
1,76,CAN,2022,Canada's National Quantum Strategy,SSHRC,ORG,,,
1,76,CAN,2022,Canada's National Quantum Strategy,Social Sciences and Humanities Research Council,ORG,,,
1,79,CAN,2022,Canada's National Quantum Strategy,National Quantum Strategy,ORG,,,
1,79,CAN,2022,Canada's National Quantum Strategy,NQS,ORG,,,
1,80,CAN,2022,Canada's National Quantum Strategy,NQS,ORG,,,
1,80,CAN,2022,Canada's National Quantum Strategy,Government of Canada,ORG,,,
1,81,CAN,2022,Canada's National Quantum Strategy,Government of Canada,ORG,,,
1,83,CAN,2022,Canada's National Quantum Strategy,Canada Foundation for Innovation,ORG,,,
1,83,CAN,2022,Canada's National Quantum Strategy,Strategic Innovation Fund,ORG,,,
1,83,CAN,2022,Canada's National Quantum Strategy,SIF,ORG,,,
1,83,CAN,2022,Canada's National Quantum Strategy,CFI,ORG,,,
1,86,CAN,2022,Canada's National Quantum Strategy,NQS,ORG,,,
1,87,CAN,2022,Canada's National Quantum Strategy,Government of Canada,ORG,,,
1,90,CAN,2022,Canada's National Quantum Strategy,NQS,ORG,,,
1,92,CAN,2022,Canada's National Quantum Strategy,Government of Canada,ORG,,,
1,94,CAN,2022,Canada's National Quantum Strategy,Government of Canada,ORG,,,
1,96,CAN,2022,Canada's National Quantum Strategy,Government of Canada,ORG,,,
1,97,CAN,2022,Canada's National Quantum Strategy,NQS,ORG,,,
2,1,GER,2023,Quantum Technologies Conceptual Framework Programme,Federal Government Nonlinear,ORG,,,
2,111,GER,2023,Quantum Technologies Conceptual Framework Programme,USA,ORG,,,
2,112,GER,2023,Quantum Technologies Conceptual Framework Programme,Google,ORG,,,
2,112,GER,2023,Quantum Technologies Conceptual Framework Programme,IBM,ORG,,,
2,113,GER,2023,Quantum Technologies Conceptual Framework Programme,USA,ORG,,,
2,113,GER,2023,Quantum Technologies Conceptual Framework Programme,DARPA,ORG,,,
2,113,GER,2023,Quantum Technologies Conceptual Framework Programme,NIST,ORG,,,
2,113,GER,2023,Quantum Technologies Conceptual Framework Programme,NASA,ORG,,,
2,117,GER,2023,Quantum Technologies Conceptual Framework Programme,European Union,ORG,,,
2,117,GER,2023,Quantum Technologies Conceptual Framework Programme,EU,ORG,,,
2,118,GER,2023,Quantum Technologies Conceptual Framework Programme,Federal Government’s Future Package,ORG,,,
2,120,GER,2023,Quantum Technologies Conceptual Framework Programme,European Union,ORG,,,
2,124,GER,2023,Quantum Technologies Conceptual Framework Programme,Federal Government,ORG,,,
2,15,GER,2023,Quantum Technologies Conceptual Framework Programme,Federal Government,ORG,,,
2,179,GER,2023,Quantum Technologies Conceptual Framework Programme,Federal Government,ORG,,,
2,181,GER,2023,Quantum Technologies Conceptual Framework Programme,Federal Government,ORG,,,
2,183,GER,2023,Quantum Technologies Conceptual Framework Programme,Expert Commission on Research and Innovation17,ORG,,,
2,183,GER,2023,Quantum Technologies Conceptual Framework Programme,Federal Government,ORG,,,
2,19,GER,2023,Quantum Technologies Conceptual Framework Programme,Federal Government,ORG,,,
2,198,GER,2023,Quantum Technologies Conceptual Framework Programme,Federal Government,ORG,,,
2,2,GER,2023,Quantum Technologies Conceptual Framework Programme,WMI,ORG,,,
2,2,GER,2023,Quantum Technologies Conceptual Framework Programme,Janine Gückelhorn,PER,,,
2,20,GER,2023,Quantum Technologies Conceptual Framework Programme,Q.ANT,ORG,,,
2,201,GER,2023,Quantum Technologies Conceptual Framework Programme,Federal Government,ORG,,,
2,203,GER,2023,Quantum Technologies Conceptual Framework Programme,Federal Government,ORG,,,
2,206,GER,2023,Quantum Technologies Conceptual Framework Programme,German Aerospace Centre,ORG,,,
2,206,GER,2023,Quantum Technologies Conceptual Framework Programme,DLR,ORG,,,
2,207,GER,2023,Quantum Technologies Conceptual Framework Programme,DLR,ORG,,,
2,209,GER,2023,Quantum Technologies Conceptual Framework Programme,DTCF,ORG,,,
2,209,GER,2023,Quantum Technologies Conceptual Framework Programme,DeepTech & Climate Fonds,ORG,,,
2,209,GER,2023,Quantum Technologies Conceptual Framework Programme,Federal Government,ORG,,,
2,210,GER,2023,Quantum Technologies Conceptual Framework Programme,theDTCF,ORG,,,
2,210,GER,2023,Quantum Technologies Conceptual Framework Programme,HTGF,ORG,,,
2,214,GER,2023,Quantum Technologies Conceptual Framework Programme,Federal Government,ORG,,,
2,219,GER,2023,Quantum Technologies Conceptual Framework Programme,Federal Government,ORG,,,
2,223,GER,2023,Quantum Technologies Conceptual Framework Programme,Federal Government,ORG,,,
2,224,GER,2023,Quantum Technologies Conceptual Framework Programme,Federal Government,ORG,,,
2,226,GER,2023,Quantum Technologies Conceptual Framework Programme,FederalGovernment,ORG,,,
2,256,GER,2023,Quantum Technologies Conceptual Framework Programme,Federal Government,ORG,,,
2,262,GER,2023,Quantum Technologies Conceptual Framework Programme,Federal Government,ORG,,,
2,262,GER,2023,Quantum Technologies Conceptual Framework Programme,Bundeswehr,ORG,,,
2,262,GER,2023,Quantum Technologies Conceptual Framework Programme,Federal Armed Forces,ORG,,,
2,263,GER,2023,Quantum Technologies Conceptual Framework Programme,Federal Government,ORG,,,
2,268,GER,2023,Quantum Technologies Conceptual Framework Programme,Federal Government,ORG,,,
2,27,GER,2023,Quantum Technologies Conceptual Framework Programme,Federal Government,ORG,,,
2,274,GER,2023,Quantum Technologies Conceptual Framework Programme,Federal Government,ORG,,,
2,277,GER,2023,Quantum Technologies Conceptual Framework Programme,Federal Government,ORG,,,
2,283,GER,2023,Quantum Technologies Conceptual Framework Programme,CEN-CENELEC Quantum Technology Focus Group,ORG,,,
2,285,GER,2023,Quantum Technologies Conceptual Framework Programme,Joint Technical Committee JTC 22,ORG,,,
2,285,GER,2023,Quantum Technologies Conceptual Framework Programme,DIN,ORG,,,
2,285,GER,2023,Quantum Technologies Conceptual Framework Programme,CEN-CENELEC,ORG,,,
2,291,GER,2023,Quantum Technologies Conceptual Framework Programme,Federal Government,ORG,,,
2,293,GER,2023,Quantum Technologies Conceptual Framework Programme,Federal Government,ORG,,,
2,294,GER,2023,Quantum Technologies Conceptual Framework Programme,Q.ANT,ORG,,,
2,30,GER,2023,Quantum Technologies Conceptual Framework Programme,Federal Government,ORG,,,
2,304,GER,2023,Quantum Technologies Conceptual Framework Programme,Federal Government,ORG,,,
2,305,GER,2023,Quantum Technologies Conceptual Framework Programme,Federal Government,ORG,,,
2,306,GER,2023,Quantum Technologies Conceptual Framework Programme,European Union,ORG,,,
2,312,GER,2023,Quantum Technologies Conceptual Framework Programme,Federal Government,ORG,,,
2,314,GER,2023,Quantum Technologies Conceptual Framework Programme,Federal Government,ORG,,,
2,318,GER,2023,Quantum Technologies Conceptual Framework Programme,Federal Government,ORG,,,
2,33,GER,2023,Quantum Technologies Conceptual Framework Programme,Federal Government,ORG,,,
2,331,GER,2023,Quantum Technologies Conceptual Framework Programme,Federal Government,ORG,,,
2,333,GER,2023,Quantum Technologies Conceptual Framework Programme,Federal Government,ORG,,,
2,337,GER,2023,Quantum Technologies Conceptual Framework Programme,DLR,ORG,,,
2,338,GER,2023,Quantum Technologies Conceptual Framework Programme,"Federal Government,quantum",ORG,,,
2,338,GER,2023,Quantum Technologies Conceptual Framework Programme,Gauss Centre for Supercomputing,ORG,,,
2,340,GER,2023,Quantum Technologies Conceptual Framework Programme,DLR,ORG,,,
2,345,GER,2023,Quantum Technologies Conceptual Framework Programme,Federal Government,ORG,,,
2,346,GER,2023,Quantum Technologies Conceptual Framework Programme,High-Tech Gründerfonds,ORG,,,
2,346,GER,2023,Quantum Technologies Conceptual Framework Programme,Federal Agency for Disruptive Innovation SPRIN-D,ORG,,,
2,346,GER,2023,Quantum Technologies Conceptual Framework Programme,DeepTech & Climate Fonds,ORG,,,
2,358,GER,2023,Quantum Technologies Conceptual Framework Programme,Federal Government,ORG,,,
2,371,GER,2023,Quantum Technologies Conceptual Framework Programme,Federal Government,ORG,,,
2,372,GER,2023,Quantum Technologies Conceptual Framework Programme,Federal Government,ORG,,,
2,388,GER,2023,Quantum Technologies Conceptual Framework Programme,Federal Government The Federal Government,ORG,,,
2,394,GER,2023,Quantum Technologies Conceptual Framework Programme,Max Planck Institute of Quantum Optics,ORG,,,
2,398,GER,2023,Quantum Technologies Conceptual Framework Programme,Federal Government,ORG,,,
2,400,GER,2023,Quantum Technologies Conceptual Framework Programme,Federal Government,ORG,,,
2,403,GER,2023,Quantum Technologies Conceptual Framework Programme,Digital Europe,ORG,,,
2,403,GER,2023,Quantum Technologies Conceptual Framework Programme,Horizon Europe,ORG,,,
2,405,GER,2023,Quantum Technologies Conceptual Framework Programme,QuantERA,ORG,,,
2,406,GER,2023,Quantum Technologies Conceptual Framework Programme,EU,ORG,,,
2,406,GER,2023,Quantum Technologies Conceptual Framework Programme,SAGA,ORG,,,
2,406,GER,2023,Quantum Technologies Conceptual Framework Programme,EuroQCI,ORG,,,
2,406,GER,2023,Quantum Technologies Conceptual Framework Programme,ESA,ORG,,,
2,406,GER,2023,Quantum Technologies Conceptual Framework Programme,EU Commission,ORG,,,
2,41,GER,2023,Quantum Technologies Conceptual Framework Programme,EU,ORG,,,
2,413,GER,2023,Quantum Technologies Conceptual Framework Programme,DLR,ORG,,,
2,413,GER,2023,Quantum Technologies Conceptual Framework Programme,Federal Government,ORG,,,
2,417,GER,2023,Quantum Technologies Conceptual Framework Programme,EU,ORG,,,
2,421,GER,2023,Quantum Technologies Conceptual Framework Programme,EU,ORG,,,
2,425,GER,2023,Quantum Technologies Conceptual Framework Programme,Federal Government,ORG,,,
2,428,GER,2023,Quantum Technologies Conceptual Framework Programme,Federal Government,ORG,,,
2,433,GER,2023,Quantum Technologies Conceptual Framework Programme,Federal Government,ORG,,,
2,438,GER,2023,Quantum Technologies Conceptual Framework Programme,Federal Government,ORG,,,
2,439,GER,2023,Quantum Technologies Conceptual Framework Programme,Federal Government,ORG,,,
2,441,GER,2023,Quantum Technologies Conceptual Framework Programme,Federal Government,ORG,,,
2,447,GER,2023,Quantum Technologies Conceptual Framework Programme,Federal Government68 The Future Strategy for Research and Innovation,ORG,,,
2,449,GER,2023,Quantum Technologies Conceptual Framework Programme,Federal Government,ORG,,,
2,451,GER,2023,Quantum Technologies Conceptual Framework Programme,BMBF,ORG,,,
2,454,GER,2023,Quantum Technologies Conceptual Framework Programme,Gauss Centre for Supercomputing,ORG,,,
2,458,GER,2023,Quantum Technologies Conceptual Framework Programme,Cyber Security Strategy,ORG,,,
2,458,GER,2023,Quantum Technologies Conceptual Framework Programme,Cyber Security Strategy for Germany,ORG,,,
2,458,GER,2023,Quantum Technologies Conceptual Framework Programme,Federal Government,ORG,,,
2,459,GER,2023,Quantum Technologies Conceptual Framework Programme,Federal Government,ORG,,,
2,461,GER,2023,Quantum Technologies Conceptual Framework Programme,Cyber Security Strategy for Germany,ORG,,,
2,461,GER,2023,Quantum Technologies Conceptual Framework Programme,Federal States,ORG,,,
2,462,GER,2023,Quantum Technologies Conceptual Framework Programme,European Cybersecurity Strategy,ORG,,,
2,462,GER,2023,Quantum Technologies Conceptual Framework Programme,Cybersecurity Strategy for Germany,ORG,,,
2,463,GER,2023,Quantum Technologies Conceptual Framework Programme,DLR,ORG,,,
2,463,GER,2023,Quantum Technologies Conceptual Framework Programme,Space Agency,ORG,,,
2,463,GER,2023,Quantum Technologies Conceptual Framework Programme,Federal Government,ORG,,,
2,463,GER,2023,Quantum Technologies Conceptual Framework Programme,National Programme for Space and Innovation,ORG,,,
2,463,GER,2023,Quantum Technologies Conceptual Framework Programme,BMWK,ORG,,,
2,466,GER,2023,Quantum Technologies Conceptual Framework Programme,BMWK,ORG,,,
2,469,GER,2023,Quantum Technologies Conceptual Framework Programme,Ecosystem for Quantum assisted Artificial Intelligence,ORG,,,
2,472,GER,2023,Quantum Technologies Conceptual Framework Programme,Agentur für Innovation in der Cybersicherheit GmbH,ORG,,,
2,478,GER,2023,Quantum Technologies Conceptual Framework Programme,Federal Office for Information  Security,ORG,,,
2,478,GER,2023,Quantum Technologies Conceptual Framework Programme,Bundesamt für Sicherheit in der Informationstechnik,ORG,,,
2,478,GER,2023,Quantum Technologies Conceptual Framework Programme,BSI,ORG,,,
2,479,GER,2023,Quantum Technologies Conceptual Framework Programme,BSI,ORG,,,
2,480,GER,2023,Quantum Technologies Conceptual Framework Programme,IEC,ORG,,,
2,480,GER,2023,Quantum Technologies Conceptual Framework Programme,BSI,ORG,,,
2,480,GER,2023,Quantum Technologies Conceptual Framework Programme,ISO,ORG,,,
2,481,GER,2023,Quantum Technologies Conceptual Framework Programme,BSI,ORG,,,
2,481,GER,2023,Quantum Technologies Conceptual Framework Programme,IEC,ORG,,,
2,481,GER,2023,Quantum Technologies Conceptual Framework Programme,ISO,ORG,,,
2,482,GER,2023,Quantum Technologies Conceptual Framework Programme,FrodoKEM,ORG,,,
2,482,GER,2023,Quantum Technologies Conceptual Framework Programme,ISO,ORG,,,
2,484,GER,2023,Quantum Technologies Conceptual Framework Programme,NISQ,ORG,,,
2,487,GER,2023,Quantum Technologies Conceptual Framework Programme,BSI,ORG,,,
2,488,GER,2023,Quantum Technologies Conceptual Framework Programme,BSI,ORG,,,
2,488,GER,2023,Quantum Technologies Conceptual Framework Programme,NIST,ORG,,,
2,490,GER,2023,Quantum Technologies Conceptual Framework Programme,Thunderbird,ORG,,,
2,491,GER,2023,Quantum Technologies Conceptual Framework Programme,Thunderbird,ORG,,,
2,492,GER,2023,Quantum Technologies Conceptual Framework Programme,Internet Engineering Task Force,ORG,,,
2,492,GER,2023,Quantum Technologies Conceptual Framework Programme,IETF,ORG,,,
2,492,GER,2023,Quantum Technologies Conceptual Framework Programme,OpenPGP,ORG,,,
2,494,GER,2023,Quantum Technologies Conceptual Framework Programme,BSI,ORG,,,
2,496,GER,2023,Quantum Technologies Conceptual Framework Programme,European Telecommunications Standards Institute,ORG,,,
2,496,GER,2023,Quantum Technologies Conceptual Framework Programme,BSI,ORG,,,
2,496,GER,2023,Quantum Technologies Conceptual Framework Programme,ETSI,ORG,,,
2,50,GER,2023,Quantum Technologies Conceptual Framework Programme,BMWK,ORG,,,
2,500,GER,2023,Quantum Technologies Conceptual Framework Programme,BSI,ORG,,,
2,502,GER,2023,Quantum Technologies Conceptual Framework Programme,Physikalisch-Technische Bundesanstalt,ORG,,,
2,502,GER,2023,Quantum Technologies Conceptual Framework Programme,Quantum Communication Germany,ORG,,,
2,502,GER,2023,Quantum Technologies Conceptual Framework Programme,Schirmprojekt Quantenkommunikation Deutschland,ORG,,,
2,502,GER,2023,Quantum Technologies Conceptual Framework Programme,BSI,ORG,,,
2,502,GER,2023,Quantum Technologies Conceptual Framework Programme,National Metrology Institute of Germany,ORG,,,
2,502,GER,2023,Quantum Technologies Conceptual Framework Programme,PTB,ORG,,,
2,504,GER,2023,Quantum Technologies Conceptual Framework Programme,BSI,ORG,,,
2,504,GER,2023,Quantum Technologies Conceptual Framework Programme,QKD,ORG,,,
2,505,GER,2023,Quantum Technologies Conceptual Framework Programme,Bundesdruckerei GmbH Bundesdruckerei GmbH,ORG,,,
2,505,GER,2023,Quantum Technologies Conceptual Framework Programme,Maurer Electronics GmbH,ORG,,,
2,508,GER,2023,Quantum Technologies Conceptual Framework Programme,Bundesdruckerei Group,ORG,,,
2,509,GER,2023,Quantum Technologies Conceptual Framework Programme,Bundesdruckerei GmbH,ORG,,,
2,510,GER,2023,Quantum Technologies Conceptual Framework Programme,Bundesdruckerei,ORG,,,
2,512,GER,2023,Quantum Technologies Conceptual Framework Programme,Federal Ministry of Finance,ORG,,,
2,512,GER,2023,Quantum Technologies Conceptual Framework Programme,Federal Administration,ORG,,,
2,518,GER,2023,Quantum Technologies Conceptual Framework Programme,Federal Data Atlas,ORG,,,
2,518,GER,2023,Quantum Technologies Conceptual Framework Programme,Federal AI Competence Centre,ORG,,,
2,519,GER,2023,Quantum Technologies Conceptual Framework Programme,Bundesdruckerei,ORG,,,
2,519,GER,2023,Quantum Technologies Conceptual Framework Programme,Bundesquantenallianz,ORG,,,
2,519,GER,2023,Quantum Technologies Conceptual Framework Programme,BQA,ORG,,,
2,519,GER,2023,Quantum Technologies Conceptual Framework Programme,DB Systel,ORG,,,
2,520,GER,2023,Quantum Technologies Conceptual Framework Programme,PTB,ORG,,,
2,520,GER,2023,Quantum Technologies Conceptual Framework Programme,BAM,ORG,,,
2,520,GER,2023,Quantum Technologies Conceptual Framework Programme,BQA,ORG,,,
2,521,GER,2023,Quantum Technologies Conceptual Framework Programme,Federal Government,ORG,,,
2,525,GER,2023,Quantum Technologies Conceptual Framework Programme,IT,ORG,,,
2,525,GER,2023,Quantum Technologies Conceptual Framework Programme,BWI GmbH BWI GmbH,ORG,,,
2,526,GER,2023,Quantum Technologies Conceptual Framework Programme,BWI,ORG,,,
2,527,GER,2023,Quantum Technologies Conceptual Framework Programme,BWI,ORG,,,
2,528,GER,2023,Quantum Technologies Conceptual Framework Programme,BWI,ORG,,,
2,529,GER,2023,Quantum Technologies Conceptual Framework Programme,BWI,ORG,,,
2,529,GER,2023,Quantum Technologies Conceptual Framework Programme,Competence Centre Quantum Enabled Technologies’,ORG,,,
2,530,GER,2023,Quantum Technologies Conceptual Framework Programme,BWI,ORG,,,
2,531,GER,2023,Quantum Technologies Conceptual Framework Programme,BWI,ORG,,,
2,532,GER,2023,Quantum Technologies Conceptual Framework Programme,Deutsche Forschungsgemeinschaft e. V.,ORG,,,
2,532,GER,2023,Quantum Technologies Conceptual Framework Programme,DFG,ORG,,,
2,532,GER,2023,Quantum Technologies Conceptual Framework Programme,German Research Foundation,ORG,,,
2,533,GER,2023,Quantum Technologies Conceptual Framework Programme,DFG,ORG,,,
2,534,GER,2023,Quantum Technologies Conceptual Framework Programme,DFG,ORG,,,
2,535,GER,2023,Quantum Technologies Conceptual Framework Programme,DFG,ORG,,,
2,538,GER,2023,Quantum Technologies Conceptual Framework Programme,Clusters of Excellence,ORG,,,
2,539,GER,2023,Quantum Technologies Conceptual Framework Programme,European Research Area,ORG,,,
2,539,GER,2023,Quantum Technologies Conceptual Framework Programme,DFG,ORG,,,
2,54,GER,2023,Quantum Technologies Conceptual Framework Programme,BMWK,ORG,,,
2,54,GER,2023,Quantum Technologies Conceptual Framework Programme,BMBF,ORG,,,
2,541,GER,2023,Quantum Technologies Conceptual Framework Programme,DFG,ORG,,,
2,542,GER,2023,Quantum Technologies Conceptual Framework Programme,DFG,ORG,,,
2,543,GER,2023,Quantum Technologies Conceptual Framework Programme,DFG,ORG,,,
2,544,GER,2023,Quantum Technologies Conceptual Framework Programme,DFG,ORG,,,
2,546,GER,2023,Quantum Technologies Conceptual Framework Programme,QCDE,ORG,,,
2,547,GER,2023,Quantum Technologies Conceptual Framework Programme,Research Training Group,ORG,,,
2,547,GER,2023,Quantum Technologies Conceptual Framework Programme,DFG,ORG,,,
2,548,GER,2023,Quantum Technologies Conceptual Framework Programme,German Weather Service,ORG,,,
2,548,GER,2023,Quantum Technologies Conceptual Framework Programme,Deutscher Wetterdienst,ORG,,,
2,549,GER,2023,Quantum Technologies Conceptual Framework Programme,ICON,ORG,,,
2,549,GER,2023,Quantum Technologies Conceptual Framework Programme,Karlsruhe Institute of Technologe,ORG,,,
2,549,GER,2023,Quantum Technologies Conceptual Framework Programme,Max Planck Institut für Meteorology,ORG,,,
2,549,GER,2023,Quantum Technologies Conceptual Framework Programme,KIT,ORG,,,
2,549,GER,2023,Quantum Technologies Conceptual Framework Programme,DKRZ,ORG,,,
2,549,GER,2023,Quantum Technologies Conceptual Framework Programme,DWD,ORG,,,
2,549,GER,2023,Quantum Technologies Conceptual Framework Programme,German Climate Computing Center,ORG,,,
2,549,GER,2023,Quantum Technologies Conceptual Framework Programme,MPI-M,ORG,,,
2,55,GER,2023,Quantum Technologies Conceptual Framework Programme,BMWK,ORG,,,
2,553,GER,2023,Quantum Technologies Conceptual Framework Programme,Cyber Defence and Smart Data Research Institute,ORG,,,
2,553,GER,2023,Quantum Technologies Conceptual Framework Programme,FI,ORG,,,
2,553,GER,2023,Quantum Technologies Conceptual Framework Programme,University of the Bundeswehr Munich The FI CODE,ORG,,,
2,553,GER,2023,Quantum Technologies Conceptual Framework Programme,IBM,ORG,,,
2,556,GER,2023,Quantum Technologies Conceptual Framework Programme,FI CODE,ORG,,,
2,556,GER,2023,Quantum Technologies Conceptual Framework Programme,IBM,ORG,,,
2,556,GER,2023,Quantum Technologies Conceptual Framework Programme,Fraunhofer Society for the Promotion of Applied Research,ORG,,,
2,556,GER,2023,Quantum Technologies Conceptual Framework Programme,FhG,ORG,,,
2,556,GER,2023,Quantum Technologies Conceptual Framework Programme,IBM Q Hub,ORG,,,
2,556,GER,2023,Quantum Technologies Conceptual Framework Programme,Forschung e. V.,ORG,,,
2,559,GER,2023,Quantum Technologies Conceptual Framework Programme,Fraunhofer-Gesellschaft,ORG,,,
2,560,GER,2023,Quantum Technologies Conceptual Framework Programme,theFraunhofer-Gesellschaft,ORG,,,
2,561,GER,2023,Quantum Technologies Conceptual Framework Programme,theFraunhofer-Gesellschaft,ORG,,,
2,562,GER,2023,Quantum Technologies Conceptual Framework Programme,Fraunhofer-Gesellschaft,ORG,,,
2,563,GER,2023,Quantum Technologies Conceptual Framework Programme,Deutschland GmbH,ORG,,,
2,563,GER,2023,Quantum Technologies Conceptual Framework Programme,Fraunhofer-Gesellschaft,ORG,,,
2,565,GER,2023,Quantum Technologies Conceptual Framework Programme,IBM,ORG,,,
2,566,GER,2023,Quantum Technologies Conceptual Framework Programme,Fraunhofer-Gesellschaft,ORG,,,
2,567,GER,2023,Quantum Technologies Conceptual Framework Programme,Fraunhofer-Gesellschaft,ORG,,,
2,568,GER,2023,Quantum Technologies Conceptual Framework Programme,Fraunhofer-Gesellschaft,ORG,,,
2,571,GER,2023,Quantum Technologies Conceptual Framework Programme,FMD,ORG,,,
2,571,GER,2023,Quantum Technologies Conceptual Framework Programme,ForschungsfabrikMikroelektronik Deutschland,ORG,,,
2,573,GER,2023,Quantum Technologies Conceptual Framework Programme,Helmholtz Association of German Research Centres,ORG,,,
2,573,GER,2023,Quantum Technologies Conceptual Framework Programme,The Helmholtz Centres,ORG,,,
2,573,GER,2023,Quantum Technologies Conceptual Framework Programme,Helmholtz Quantum,ORG,,,
2,573,GER,2023,Quantum Technologies Conceptual Framework Programme,HGF,ORG,,,
2,573,GER,2023,Quantum Technologies Conceptual Framework Programme,Helmholtz-Gemeinschaft Deutscher Forschungszentren e. V.,ORG,,,
2,583,GER,2023,Quantum Technologies Conceptual Framework Programme,Helmholtz Association,ORG,,,
2,586,GER,2023,Quantum Technologies Conceptual Framework Programme,Helmholtz Association,ORG,,,
2,587,GER,2023,Quantum Technologies Conceptual Framework Programme,Helmholtz,ORG,,,
2,587,GER,2023,Quantum Technologies Conceptual Framework Programme,EU,ORG,,,
2,587,GER,2023,Quantum Technologies Conceptual Framework Programme,BMBF,ORG,,,
2,59,GER,2023,Quantum Technologies Conceptual Framework Programme,BMWK,ORG,,,
2,59,GER,2023,Quantum Technologies Conceptual Framework Programme,BMBF,ORG,,,
2,592,GER,2023,Quantum Technologies Conceptual Framework Programme,HGF,ORG,,,
2,592,GER,2023,Quantum Technologies Conceptual Framework Programme,DLR Quantum Computing Initiative,ORG,,,
2,592,GER,2023,Quantum Technologies Conceptual Framework Programme,DLR,ORG,,,
2,597,GER,2023,Quantum Technologies Conceptual Framework Programme,DLR,ORG,,,
2,598,GER,2023,Quantum Technologies Conceptual Framework Programme,DLR,ORG,,,
2,60,GER,2023,Quantum Technologies Conceptual Framework Programme,BMBF,ORG,,,
2,60,GER,2023,Quantum Technologies Conceptual Framework Programme,BMWK,ORG,,,
2,600,GER,2023,Quantum Technologies Conceptual Framework Programme,Max Planck Society for the Advancement of Science,ORG,,,
2,600,GER,2023,Quantum Technologies Conceptual Framework Programme,MPG,ORG,,,
2,600,GER,2023,Quantum Technologies Conceptual Framework Programme,Max-Planck-Gesellschaft zur Förderung der Wissenschaften e. V.,ORG,,,
2,600,GER,2023,Quantum Technologies Conceptual Framework Programme,Max Planck Society,ORG,,,
2,601,GER,2023,Quantum Technologies Conceptual Framework Programme,Physics of Complex Systems,ORG,,,
2,601,GER,2023,Quantum Technologies Conceptual Framework Programme,MPI for Gravitational Physics,ORG,,,
2,601,GER,2023,Quantum Technologies Conceptual Framework Programme,Max Planck Institute,ORG,,,
2,601,GER,2023,Quantum Technologies Conceptual Framework Programme,Physics of Light,ORG,,,
2,601,GER,2023,Quantum Technologies Conceptual Framework Programme,MPI,ORG,,,
2,601,GER,2023,Quantum Technologies Conceptual Framework Programme,Quantum Optics,ORG,,,
2,602,GER,2023,Quantum Technologies Conceptual Framework Programme,Structure and Dynamics of Matter,ORG,,,
2,602,GER,2023,Quantum Technologies Conceptual Framework Programme,Multidisciplinary Natural Sciences,ORG,,,
2,602,GER,2023,Quantum Technologies Conceptual Framework Programme,Fritz Haber Institute,ORG,,,
2,602,GER,2023,Quantum Technologies Conceptual Framework Programme,Max Planck Institutes for Solid State Research in Stuttgart,ORG,,,
2,603,GER,2023,Quantum Technologies Conceptual Framework Programme,MPG,ORG,,,
2,604,GER,2023,Quantum Technologies Conceptual Framework Programme,MPG,ORG,,,
2,604,GER,2023,Quantum Technologies Conceptual Framework Programme,QST,ORG,,,
2,606,GER,2023,Quantum Technologies Conceptual Framework Programme,Garching,ORG,,,
2,606,GER,2023,Quantum Technologies Conceptual Framework Programme,"Heidelberg,Garching",ORG,,,
2,606,GER,2023,Quantum Technologies Conceptual Framework Programme,Stuttgart,ORG,,,
2,606,GER,2023,Quantum Technologies Conceptual Framework Programme,Halle,ORG,,,
2,606,GER,2023,Quantum Technologies Conceptual Framework Programme,MPG,ORG,,,
2,608,GER,2023,Quantum Technologies Conceptual Framework Programme,MPG,ORG,,,
2,609,GER,2023,Quantum Technologies Conceptual Framework Programme,MPG,ORG,,,
2,610,GER,2023,Quantum Technologies Conceptual Framework Programme,Max Planck Quantum Alliance,ORG,,,
2,610,GER,2023,Quantum Technologies Conceptual Framework Programme,MPG,ORG,,,
2,610,GER,2023,Quantum Technologies Conceptual Framework Programme,QST,ORG,,,
2,610,GER,2023,Quantum Technologies Conceptual Framework Programme,MPQA,ORG,,,
2,611,GER,2023,Quantum Technologies Conceptual Framework Programme,MPQA,ORG,,,
2,611,GER,2023,Quantum Technologies Conceptual Framework Programme,MPG,ORG,,,
2,612,GER,2023,Quantum Technologies Conceptual Framework Programme,QST,ORG,,,
2,613,GER,2023,Quantum Technologies Conceptual Framework Programme,MQV,ORG,,,
2,613,GER,2023,Quantum Technologies Conceptual Framework Programme,MPG,ORG,,,
2,614,GER,2023,Quantum Technologies Conceptual Framework Programme,Fraunhofer Gesellschaft,ORG,,,
2,614,GER,2023,Quantum Technologies Conceptual Framework Programme,MQV Association,ORG,,,
2,614,GER,2023,Quantum Technologies Conceptual Framework Programme,FhG,ORG,,,
2,614,GER,2023,Quantum Technologies Conceptual Framework Programme,German Aerospace Center,ORG,,,
2,614,GER,2023,Quantum Technologies Conceptual Framework Programme,Bavarian Academy of Sciences and Humanities,ORG,,,
2,614,GER,2023,Quantum Technologies Conceptual Framework Programme,MPG,ORG,,,
2,614,GER,2023,Quantum Technologies Conceptual Framework Programme,DLR,ORG,,,
2,614,GER,2023,Quantum Technologies Conceptual Framework Programme,Tech-nische Universität München,ORG,,,
2,614,GER,2023,Quantum Technologies Conceptual Framework Programme,TUM,ORG,,,
2,614,GER,2023,Quantum Technologies Conceptual Framework Programme,Friedrich- Alexander-Universität Erlangen-Nürnberg,ORG,,,
2,614,GER,2023,Quantum Technologies Conceptual Framework Programme,Ludwig- Maximilians-Universität München,ORG,,,
2,614,GER,2023,Quantum Technologies Conceptual Framework Programme,BAdW,ORG,,,
2,614,GER,2023,Quantum Technologies Conceptual Framework Programme,LMU,ORG,,,
2,614,GER,2023,Quantum Technologies Conceptual Framework Programme,FAU,ORG,,,
2,615,GER,2023,Quantum Technologies Conceptual Framework Programme,Free State of Bavaria,ORG,,,
2,616,GER,2023,Quantum Technologies Conceptual Framework Programme,Federal Ministry of Education and Research,ORG,,,
2,616,GER,2023,Quantum Technologies Conceptual Framework Programme,Federal Ministry for Economic Affairs and Climate Action,ORG,,,
2,616,GER,2023,Quantum Technologies Conceptual Framework Programme,Quantum Technologies Stimulus Package,ORG,,,
2,617,GER,2023,Quantum Technologies Conceptual Framework Programme,MQV,ORG,,,
2,618,GER,2023,Quantum Technologies Conceptual Framework Programme,Centre for Quantum Computing and Quantum Technol-ogies,ORG,,,
2,618,GER,2023,Quantum Technologies Conceptual Framework Programme,ZQQ,ORG,,,
2,62,GER,2023,Quantum Technologies Conceptual Framework Programme,Federal Government’s ‘Future Strategy for Research and Innovation’,ORG,,,
2,622,GER,2023,Quantum Technologies Conceptual Framework Programme,BMW,ORG,,,
2,622,GER,2023,Quantum Technologies Conceptual Framework Programme,Toptica Photonics,ORG,,,
2,622,GER,2023,Quantum Technologies Conceptual Framework Programme,OHB,ORG,,,
2,622,GER,2023,Quantum Technologies Conceptual Framework Programme,Menlo Systems,ORG,,,
2,622,GER,2023,Quantum Technologies Conceptual Framework Programme,Siemens,ORG,,,
2,622,GER,2023,Quantum Technologies Conceptual Framework Programme,Volkswagen,ORG,,,
2,622,GER,2023,Quantum Technologies Conceptual Framework Programme,Airbus,ORG,,,
2,622,GER,2023,Quantum Technologies Conceptual Framework Programme,Google,ORG,,,
2,622,GER,2023,Quantum Technologies Conceptual Framework Programme,Huawei,ORG,,,
2,622,GER,2023,Quantum Technologies Conceptual Framework Programme,Rohde&Schwarz,ORG,,,
2,622,GER,2023,Quantum Technologies Conceptual Framework Programme,Microsoft,ORG,,,
2,622,GER,2023,Quantum Technologies Conceptual Framework Programme,Fujitsu,ORG,,,
2,622,GER,2023,Quantum Technologies Conceptual Framework Programme,Infineon,ORG,,,
2,626,GER,2023,Quantum Technologies Conceptual Framework Programme,PTB,ORG,,,
2,626,GER,2023,Quantum Technologies Conceptual Framework Programme,Physikalisch-Technische Bundesanstalt,ORG,,,
2,626,GER,2023,Quantum Technologies Conceptual Framework Programme,Federal Institute of Metrology,ORG,,,
2,626,GER,2023,Quantum Technologies Conceptual Framework Programme,National Metrology Institute of Germany,ORG,,,
2,628,GER,2023,Quantum Technologies Conceptual Framework Programme,PTB,ORG,,,
2,629,GER,2023,Quantum Technologies Conceptual Framework Programme,PTB,ORG,,,
2,630,GER,2023,Quantum Technologies Conceptual Framework Programme,QT,ORG,,,
2,630,GER,2023,Quantum Technologies Conceptual Framework Programme,PTB,ORG,,,
2,631,GER,2023,Quantum Technologies Conceptual Framework Programme,PTB,ORG,,,
2,633,GER,2023,Quantum Technologies Conceptual Framework Programme,Quantum Technology Competence Centre,ORG,,,
2,633,GER,2023,Quantum Technologies Conceptual Framework Programme,QTZ,ORG,,,
2,633,GER,2023,Quantum Technologies Conceptual Framework Programme,PTB,ORG,,,
2,634,GER,2023,Quantum Technologies Conceptual Framework Programme,QT,ORG,,,
2,635,GER,2023,Quantum Technologies Conceptual Framework Programme,PTB,ORG,,,
2,636,GER,2023,Quantum Technologies Conceptual Framework Programme,QTZ,ORG,,,
2,639,GER,2023,Quantum Technologies Conceptual Framework Programme,QT,ORG,,,
2,640,GER,2023,Quantum Technologies Conceptual Framework Programme,QTcomponents,ORG,,,
2,640,GER,2023,Quantum Technologies Conceptual Framework Programme,PTB,ORG,,,
2,644,GER,2023,Quantum Technologies Conceptual Framework Programme,QT,ORG,,,
2,644,GER,2023,Quantum Technologies Conceptual Framework Programme,PTB,ORG,,,
2,646,GER,2023,Quantum Technologies Conceptual Framework Programme,QTZ,ORG,,,
2,647,GER,2023,Quantum Technologies Conceptual Framework Programme,PTB,ORG,,,
2,653,GER,2023,Quantum Technologies Conceptual Framework Programme,QT,ORG,,,
2,653,GER,2023,Quantum Technologies Conceptual Framework Programme,PTB,ORG,,,
2,655,GER,2023,Quantum Technologies Conceptual Framework Programme,PTB,ORG,,,
2,656,GER,2023,Quantum Technologies Conceptual Framework Programme,PTB,ORG,,,
2,656,GER,2023,Quantum Technologies Conceptual Framework Programme,QVLS,ORG,,,
2,659,GER,2023,Quantum Technologies Conceptual Framework Programme,BSI,ORG,,,
2,659,GER,2023,Quantum Technologies Conceptual Framework Programme,Quantum Communication Germany,ORG,,,
2,662,GER,2023,Quantum Technologies Conceptual Framework Programme,DIN,ORG,,,
2,667,GER,2023,Quantum Technologies Conceptual Framework Programme,DIN,ORG,,,
2,667,GER,2023,Quantum Technologies Conceptual Framework Programme,CEN-CENELEC,ORG,,,
2,667,GER,2023,Quantum Technologies Conceptual Framework Programme,PTB,ORG,,,
2,668,GER,2023,Quantum Technologies Conceptual Framework Programme,DIN,ORG,,,
2,668,GER,2023,Quantum Technologies Conceptual Framework Programme,CEN-CENELEC,ORG,,,
2,668,GER,2023,Quantum Technologies Conceptual Framework Programme,Joint Technical Committee JTC 22,ORG,,,
2,669,GER,2023,Quantum Technologies Conceptual Framework Programme,PTB,ORG,,,
2,671,GER,2023,Quantum Technologies Conceptual Framework Programme,Leibniz Association,ORG,,,
2,671,GER,2023,Quantum Technologies Conceptual Framework Programme,Wissenschaftsgemeinschaft Gottfried Wilhelm Leibniz e. V.,ORG,,,
2,675,GER,2023,Quantum Technologies Conceptual Framework Programme,Leibniz Institute for Highest Frequency Technology,ORG,,,
2,675,GER,2023,Quantum Technologies Conceptual Framework Programme,FBH,ORG,,,
2,675,GER,2023,Quantum Technologies Conceptual Framework Programme,Leibniz Institute for Innovative Microelectronics,ORG,,,
2,675,GER,2023,Quantum Technologies Conceptual Framework Programme,Leibniz Institute for Crystal Growth,ORG,,,
2,675,GER,2023,Quantum Technologies Conceptual Framework Programme,Leibniz Institute for Surface Modification,ORG,,,
2,675,GER,2023,Quantum Technologies Conceptual Framework Programme,IOM,ORG,,,
2,675,GER,2023,Quantum Technologies Conceptual Framework Programme,IFW,ORG,,,
2,675,GER,2023,Quantum Technologies Conceptual Framework Programme,Leibniz Institute for Solid State and Materials Research,ORG,,,
2,675,GER,2023,Quantum Technologies Conceptual Framework Programme,IPHT,ORG,,,
2,675,GER,2023,Quantum Technologies Conceptual Framework Programme,Leibniz Association,ORG,,,
2,675,GER,2023,Quantum Technologies Conceptual Framework Programme,Ferdinand Braun Institute,ORG,,,
2,675,GER,2023,Quantum Technologies Conceptual Framework Programme,IHP,ORG,,,
2,675,GER,2023,Quantum Technologies Conceptual Framework Programme,Paul Drude Institute for Solid State Electronics,ORG,,,
2,675,GER,2023,Quantum Technologies Conceptual Framework Programme,IKZ,ORG,,,
2,675,GER,2023,Quantum Technologies Conceptual Framework Programme,PDI,ORG,,,
2,675,GER,2023,Quantum Technologies Conceptual Framework Programme,Weierstrass Institute for Applied Analysis and Stochastics,ORG,,,
2,675,GER,2023,Quantum Technologies Conceptual Framework Programme,Leibniz Institute for Photonic Technologies,ORG,,,
2,675,GER,2023,Quantum Technologies Conceptual Framework Programme,WIAS,ORG,,,
2,676,GER,2023,Quantum Technologies Conceptual Framework Programme,Leibniz Association,ORG,,,
2,677,GER,2023,Quantum Technologies Conceptual Framework Programme,Leibniz Institutes,ORG,,,
2,679,GER,2023,Quantum Technologies Conceptual Framework Programme,European Research Area,ORG,,,
2,679,GER,2023,Quantum Technologies Conceptual Framework Programme,Leibniz Institutes,ORG,,,
2,681,GER,2023,Quantum Technologies Conceptual Framework Programme,Leibniz,ORG,,,
2,684,GER,2023,Quantum Technologies Conceptual Framework Programme,Solid State,ORG,,,
2,684,GER,2023,Quantum Technologies Conceptual Framework Programme,Research Factory Microelectronics Germany,ORG,,,
2,684,GER,2023,Quantum Technologies Conceptual Framework Programme,BECCAL,ORG,,,
2,684,GER,2023,Quantum Technologies Conceptual Framework Programme,MU-NIQC-SC,ORG,,,
2,684,GER,2023,Quantum Technologies Conceptual Framework Programme,Cold Atom Lab,ORG,,,
2,684,GER,2023,Quantum Technologies Conceptual Framework Programme,Quantum Computers,ORG,,,
2,684,GER,2023,Quantum Technologies Conceptual Framework Programme,Munich Quantum Valley Quantum Comput-er Demonstrators,ORG,,,
2,684,GER,2023,Quantum Technologies Conceptual Framework Programme,Bose-Einstein Condensate,ORG,,,
2,684,GER,2023,Quantum Technologies Conceptual Framework Programme,International Space Station,ORG,,,
2,684,GER,2023,Quantum Technologies Conceptual Framework Programme,Leibniz Institutes,ORG,,,
2,684,GER,2023,Quantum Technologies Conceptual Framework Programme,QSolid,ORG,,,
2,685,GER,2023,Quantum Technologies Conceptual Framework Programme,Leibniz,ORG,,,
2,686,GER,2023,Quantum Technologies Conceptual Framework Programme,Technologieforschung der Bundeswehr,ORG,,,
2,686,GER,2023,Quantum Technologies Conceptual Framework Programme,Zentrum für Digitalisierungs,ORG,,,
2,686,GER,2023,Quantum Technologies Conceptual Framework Programme,Corona-Folgen bekämpfen,ORG,,,
2,686,GER,2023,Quantum Technologies Conceptual Framework Programme,Centre for  Digitisation and Technology Research of the  Bundeswehr,ORG,,,
2,686,GER,2023,Quantum Technologies Conceptual Framework Programme,Wohlstand sichern,ORG,,,
2,686,GER,2023,Quantum Technologies Conceptual Framework Programme,Fighting the Consequences of Covid,ORG,,,
2,686,GER,2023,Quantum Technologies Conceptual Framework Programme,Federal Government,ORG,,,
2,686,GER,2023,Quantum Technologies Conceptual Framework Programme,German Armed Forces,ORG,,,
2,688,GER,2023,Quantum Technologies Conceptual Framework Programme,Bundeswehr,ORG,,,
2,688,GER,2023,Quantum Technologies Conceptual Framework Programme,BMVg,ORG,,,
2,690,GER,2023,Quantum Technologies Conceptual Framework Programme,University of the Bundeswehr Munich,ORG,,,
2,699,GER,2023,Quantum Technologies Conceptual Framework Programme,European Union,ORG,,,
2,699,GER,2023,Quantum Technologies Conceptual Framework Programme,American GPS,ORG,,,
2,699,GER,2023,Quantum Technologies Conceptual Framework Programme,Global Positioning System,ORG,,,
2,699,GER,2023,Quantum Technologies Conceptual Framework Programme,Galileo A,ORG,,,
2,700,GER,2023,Quantum Technologies Conceptual Framework Programme,EU,ORG,,,
2,711,GER,2023,Quantum Technologies Conceptual Framework Programme,QKD,ORG,,,
2,716,GER,2023,Quantum Technologies Conceptual Framework Programme,TRL 5,ORG,,,
3,1,USA,2018,NATIONAL STRATEGIC  OVERVIEW FOR QUANTUM  INFORMATION SCIENCE,QIS,ORG,,,
3,10,USA,2018,NATIONAL STRATEGIC  OVERVIEW FOR QUANTUM  INFORMATION SCIENCE,QIS,ORG,,,
3,10,USA,2018,NATIONAL STRATEGIC  OVERVIEW FOR QUANTUM  INFORMATION SCIENCE,Nation,ORG,,,
3,100,USA,2018,NATIONAL STRATEGIC  OVERVIEW FOR QUANTUM  INFORMATION SCIENCE,SBIR,ORG,,,
3,101,USA,2018,NATIONAL STRATEGIC  OVERVIEW FOR QUANTUM  INFORMATION SCIENCE,U.S. Quantum Consortium,ORG,,,
3,101,USA,2018,NATIONAL STRATEGIC  OVERVIEW FOR QUANTUM  INFORMATION SCIENCE,Government,ORG,,,
3,102,USA,2018,NATIONAL STRATEGIC  OVERVIEW FOR QUANTUM  INFORMATION SCIENCE,Semiconductor Research Corporation,ORG,,,
3,104,USA,2018,NATIONAL STRATEGIC  OVERVIEW FOR QUANTUM  INFORMATION SCIENCE,Council of Advisors on Science and Technology,ORG,,,
3,104,USA,2018,NATIONAL STRATEGIC  OVERVIEW FOR QUANTUM  INFORMATION SCIENCE,NSTC,ORG,,,
3,105,USA,2018,NATIONAL STRATEGIC  OVERVIEW FOR QUANTUM  INFORMATION SCIENCE,Government—,ORG,,,
3,109,USA,2018,NATIONAL STRATEGIC  OVERVIEW FOR QUANTUM  INFORMATION SCIENCE,QIS,ORG,,,
3,110,USA,2018,NATIONAL STRATEGIC  OVERVIEW FOR QUANTUM  INFORMATION SCIENCE,QIS,ORG,,,
3,112,USA,2018,NATIONAL STRATEGIC  OVERVIEW FOR QUANTUM  INFORMATION SCIENCE,U.S. Government,ORG,,,
3,113,USA,2018,NATIONAL STRATEGIC  OVERVIEW FOR QUANTUM  INFORMATION SCIENCE,QIS,ORG,,,
3,114,USA,2018,NATIONAL STRATEGIC  OVERVIEW FOR QUANTUM  INFORMATION SCIENCE,Government,ORG,,,
3,118,USA,2018,NATIONAL STRATEGIC  OVERVIEW FOR QUANTUM  INFORMATION SCIENCE,U.S.  Quantum Consortium,ORG,,,
3,121,USA,2018,NATIONAL STRATEGIC  OVERVIEW FOR QUANTUM  INFORMATION SCIENCE,QIS,ORG,,,
3,124,USA,2018,NATIONAL STRATEGIC  OVERVIEW FOR QUANTUM  INFORMATION SCIENCE,QIS,ORG,,,
3,126,USA,2018,NATIONAL STRATEGIC  OVERVIEW FOR QUANTUM  INFORMATION SCIENCE,Oak   Ridge’s Center for Nanophase Materials Science,ORG,,,
3,128,USA,2018,NATIONAL STRATEGIC  OVERVIEW FOR QUANTUM  INFORMATION SCIENCE,Sandia National Laboratories,ORG,,,
3,128,USA,2018,NATIONAL STRATEGIC  OVERVIEW FOR QUANTUM  INFORMATION SCIENCE,Microsystems and   Engineering Sciences Application,ORG,,,
3,128,USA,2018,NATIONAL STRATEGIC  OVERVIEW FOR QUANTUM  INFORMATION SCIENCE,MESA,ORG,,,
3,129,USA,2018,NATIONAL STRATEGIC  OVERVIEW FOR QUANTUM  INFORMATION SCIENCE,Federal Government,ORG,,,
3,13,USA,2018,NATIONAL STRATEGIC  OVERVIEW FOR QUANTUM  INFORMATION SCIENCE,QIS,ORG,,,
3,130,USA,2018,NATIONAL STRATEGIC  OVERVIEW FOR QUANTUM  INFORMATION SCIENCE,QIS,ORG,,,
3,131,USA,2018,NATIONAL STRATEGIC  OVERVIEW FOR QUANTUM  INFORMATION SCIENCE,Federal,ORG,,,
3,133,USA,2018,NATIONAL STRATEGIC  OVERVIEW FOR QUANTUM  INFORMATION SCIENCE,QIS,ORG,,,
3,134,USA,2018,NATIONAL STRATEGIC  OVERVIEW FOR QUANTUM  INFORMATION SCIENCE,Federal,ORG,,,
3,138,USA,2018,NATIONAL STRATEGIC  OVERVIEW FOR QUANTUM  INFORMATION SCIENCE,QIS,ORG,,,
3,144,USA,2018,NATIONAL STRATEGIC  OVERVIEW FOR QUANTUM  INFORMATION SCIENCE,QIS,ORG,,,
3,145,USA,2018,NATIONAL STRATEGIC  OVERVIEW FOR QUANTUM  INFORMATION SCIENCE,QIS,ORG,,,
3,147,USA,2018,NATIONAL STRATEGIC  OVERVIEW FOR QUANTUM  INFORMATION SCIENCE,International Traffic in Arms Regulation,ORG,,,
3,147,USA,2018,NATIONAL STRATEGIC  OVERVIEW FOR QUANTUM  INFORMATION SCIENCE,ITAR,ORG,,,
3,147,USA,2018,NATIONAL STRATEGIC  OVERVIEW FOR QUANTUM  INFORMATION SCIENCE,EAR,ORG,,,
3,149,USA,2018,NATIONAL STRATEGIC  OVERVIEW FOR QUANTUM  INFORMATION SCIENCE,Government,ORG,,,
3,15,USA,2018,NATIONAL STRATEGIC  OVERVIEW FOR QUANTUM  INFORMATION SCIENCE,United States’,ORG,,,
3,15,USA,2018,NATIONAL STRATEGIC  OVERVIEW FOR QUANTUM  INFORMATION SCIENCE,SCQIS,ORG,,,
3,158,USA,2018,NATIONAL STRATEGIC  OVERVIEW FOR QUANTUM  INFORMATION SCIENCE,SCQIS,ORG,,,
3,158,USA,2018,NATIONAL STRATEGIC  OVERVIEW FOR QUANTUM  INFORMATION SCIENCE,NSTC,ORG,,,
3,16,USA,2018,NATIONAL STRATEGIC  OVERVIEW FOR QUANTUM  INFORMATION SCIENCE,Federal Government,ORG,,,
3,16,USA,2018,NATIONAL STRATEGIC  OVERVIEW FOR QUANTUM  INFORMATION SCIENCE,National Science and Technology Council Subcommittee on Quantum Information Science,ORG,,,
3,16,USA,2018,NATIONAL STRATEGIC  OVERVIEW FOR QUANTUM  INFORMATION SCIENCE,SCQIS,ORG,,,
3,16,USA,2018,NATIONAL STRATEGIC  OVERVIEW FOR QUANTUM  INFORMATION SCIENCE,QIS,ORG,,,
3,16,USA,2018,NATIONAL STRATEGIC  OVERVIEW FOR QUANTUM  INFORMATION SCIENCE,U.S. Quantum Consortium,ORG,,,
3,162,USA,2018,NATIONAL STRATEGIC  OVERVIEW FOR QUANTUM  INFORMATION SCIENCE,QIS,ORG,,,
3,165,USA,2018,NATIONAL STRATEGIC  OVERVIEW FOR QUANTUM  INFORMATION SCIENCE,QIS,ORG,,,
3,167,USA,2018,NATIONAL STRATEGIC  OVERVIEW FOR QUANTUM  INFORMATION SCIENCE,QIS,ORG,,,
3,169,USA,2018,NATIONAL STRATEGIC  OVERVIEW FOR QUANTUM  INFORMATION SCIENCE,QIS,ORG,,,
3,17,USA,2018,NATIONAL STRATEGIC  OVERVIEW FOR QUANTUM  INFORMATION SCIENCE,QIS,ORG,,,
3,173,USA,2018,NATIONAL STRATEGIC  OVERVIEW FOR QUANTUM  INFORMATION SCIENCE,Agency,ORG,,,
3,175,USA,2018,NATIONAL STRATEGIC  OVERVIEW FOR QUANTUM  INFORMATION SCIENCE,QIS,ORG,,,
3,179,USA,2018,NATIONAL STRATEGIC  OVERVIEW FOR QUANTUM  INFORMATION SCIENCE,QIS,ORG,,,
3,181,USA,2018,NATIONAL STRATEGIC  OVERVIEW FOR QUANTUM  INFORMATION SCIENCE,David Wineland,PER,,,
3,181,USA,2018,NATIONAL STRATEGIC  OVERVIEW FOR QUANTUM  INFORMATION SCIENCE,NIST,ORG,,,
3,185,USA,2018,NATIONAL STRATEGIC  OVERVIEW FOR QUANTUM  INFORMATION SCIENCE,QIS,ORG,,,
3,186,USA,2018,NATIONAL STRATEGIC  OVERVIEW FOR QUANTUM  INFORMATION SCIENCE,Department of Homeland Security,ORG,,,
3,186,USA,2018,NATIONAL STRATEGIC  OVERVIEW FOR QUANTUM  INFORMATION SCIENCE,USDA,ORG,,,
3,186,USA,2018,NATIONAL STRATEGIC  OVERVIEW FOR QUANTUM  INFORMATION SCIENCE,DOD,ORG,,,
3,186,USA,2018,NATIONAL STRATEGIC  OVERVIEW FOR QUANTUM  INFORMATION SCIENCE,Office of Management and Budget,ORG,,,
3,186,USA,2018,NATIONAL STRATEGIC  OVERVIEW FOR QUANTUM  INFORMATION SCIENCE,National Aeronautics and Space Administration,ORG,,,
3,186,USA,2018,NATIONAL STRATEGIC  OVERVIEW FOR QUANTUM  INFORMATION SCIENCE,OSTP,ORG,,,
3,186,USA,2018,NATIONAL STRATEGIC  OVERVIEW FOR QUANTUM  INFORMATION SCIENCE,Department of State,ORG,,,
3,186,USA,2018,NATIONAL STRATEGIC  OVERVIEW FOR QUANTUM  INFORMATION SCIENCE,DHS,ORG,,,
3,186,USA,2018,NATIONAL STRATEGIC  OVERVIEW FOR QUANTUM  INFORMATION SCIENCE,Department of Defense,ORG,,,
3,186,USA,2018,NATIONAL STRATEGIC  OVERVIEW FOR QUANTUM  INFORMATION SCIENCE,OMB,ORG,,,
3,186,USA,2018,NATIONAL STRATEGIC  OVERVIEW FOR QUANTUM  INFORMATION SCIENCE,NIST,ORG,,,
3,186,USA,2018,NATIONAL STRATEGIC  OVERVIEW FOR QUANTUM  INFORMATION SCIENCE,National Institute of Standards and Technology,ORG,,,
3,186,USA,2018,NATIONAL STRATEGIC  OVERVIEW FOR QUANTUM  INFORMATION SCIENCE,National Science Foundation,ORG,,,
3,186,USA,2018,NATIONAL STRATEGIC  OVERVIEW FOR QUANTUM  INFORMATION SCIENCE,Department of the Interior,ORG,,,
3,186,USA,2018,NATIONAL STRATEGIC  OVERVIEW FOR QUANTUM  INFORMATION SCIENCE,Office of Science and Technology Policy,ORG,,,
3,186,USA,2018,NATIONAL STRATEGIC  OVERVIEW FOR QUANTUM  INFORMATION SCIENCE,DOI,ORG,,,
3,186,USA,2018,NATIONAL STRATEGIC  OVERVIEW FOR QUANTUM  INFORMATION SCIENCE,Department of Energy,ORG,,,
3,186,USA,2018,NATIONAL STRATEGIC  OVERVIEW FOR QUANTUM  INFORMATION SCIENCE,NSA,ORG,,,
3,186,USA,2018,NATIONAL STRATEGIC  OVERVIEW FOR QUANTUM  INFORMATION SCIENCE,DOE,ORG,,,
3,186,USA,2018,NATIONAL STRATEGIC  OVERVIEW FOR QUANTUM  INFORMATION SCIENCE,NASA,ORG,,,
3,186,USA,2018,NATIONAL STRATEGIC  OVERVIEW FOR QUANTUM  INFORMATION SCIENCE,National Security Agency,ORG,,,
3,186,USA,2018,NATIONAL STRATEGIC  OVERVIEW FOR QUANTUM  INFORMATION SCIENCE,National Institutes of Health,ORG,,,
3,186,USA,2018,NATIONAL STRATEGIC  OVERVIEW FOR QUANTUM  INFORMATION SCIENCE,National Intelligence,ORG,,,
3,186,USA,2018,NATIONAL STRATEGIC  OVERVIEW FOR QUANTUM  INFORMATION SCIENCE,Department of Agriculture,ORG,,,
3,186,USA,2018,NATIONAL STRATEGIC  OVERVIEW FOR QUANTUM  INFORMATION SCIENCE,NIH,ORG,,,
3,186,USA,2018,NATIONAL STRATEGIC  OVERVIEW FOR QUANTUM  INFORMATION SCIENCE,NSF,ORG,,,
3,186,USA,2018,NATIONAL STRATEGIC  OVERVIEW FOR QUANTUM  INFORMATION SCIENCE,ODNI,ORG,,,
3,187,USA,2018,NATIONAL STRATEGIC  OVERVIEW FOR QUANTUM  INFORMATION SCIENCE,SCQIS,ORG,,,
3,189,USA,2018,NATIONAL STRATEGIC  OVERVIEW FOR QUANTUM  INFORMATION SCIENCE,NSF,ORG,,,
3,189,USA,2018,NATIONAL STRATEGIC  OVERVIEW FOR QUANTUM  INFORMATION SCIENCE,ODNI,ORG,,,
3,189,USA,2018,NATIONAL STRATEGIC  OVERVIEW FOR QUANTUM  INFORMATION SCIENCE,NIST,ORG,,,
3,190,USA,2018,NATIONAL STRATEGIC  OVERVIEW FOR QUANTUM  INFORMATION SCIENCE,NSA,ORG,,,
3,190,USA,2018,NATIONAL STRATEGIC  OVERVIEW FOR QUANTUM  INFORMATION SCIENCE,NIST,ORG,,,
3,190,USA,2018,NATIONAL STRATEGIC  OVERVIEW FOR QUANTUM  INFORMATION SCIENCE,NSF,ORG,,,
3,190,USA,2018,NATIONAL STRATEGIC  OVERVIEW FOR QUANTUM  INFORMATION SCIENCE,NASA,ORG,,,
3,190,USA,2018,NATIONAL STRATEGIC  OVERVIEW FOR QUANTUM  INFORMATION SCIENCE,S3,ORG,,,
3,190,USA,2018,NATIONAL STRATEGIC  OVERVIEW FOR QUANTUM  INFORMATION SCIENCE,ODNI,ORG,,,
3,191,USA,2018,NATIONAL STRATEGIC  OVERVIEW FOR QUANTUM  INFORMATION SCIENCE,NSF,ORG,,,
3,191,USA,2018,NATIONAL STRATEGIC  OVERVIEW FOR QUANTUM  INFORMATION SCIENCE,NIST,ORG,,,
3,191,USA,2018,NATIONAL STRATEGIC  OVERVIEW FOR QUANTUM  INFORMATION SCIENCE,NASA,ORG,,,
3,193,USA,2018,NATIONAL STRATEGIC  OVERVIEW FOR QUANTUM  INFORMATION SCIENCE,NIST,ORG,,,
3,193,USA,2018,NATIONAL STRATEGIC  OVERVIEW FOR QUANTUM  INFORMATION SCIENCE,NSF,ORG,,,
3,193,USA,2018,NATIONAL STRATEGIC  OVERVIEW FOR QUANTUM  INFORMATION SCIENCE,NASA,ORG,,,
3,193,USA,2018,NATIONAL STRATEGIC  OVERVIEW FOR QUANTUM  INFORMATION SCIENCE,NSA,ORG,,,
3,193,USA,2018,NATIONAL STRATEGIC  OVERVIEW FOR QUANTUM  INFORMATION SCIENCE,ODNI,ORG,,,
3,196,USA,2018,NATIONAL STRATEGIC  OVERVIEW FOR QUANTUM  INFORMATION SCIENCE,NSA,ORG,,,
3,199,USA,2018,NATIONAL STRATEGIC  OVERVIEW FOR QUANTUM  INFORMATION SCIENCE,SCQIS,ORG,,,
3,2,USA,2018,NATIONAL STRATEGIC  OVERVIEW FOR QUANTUM  INFORMATION SCIENCE,QIS,ORG,,,
3,21,USA,2018,NATIONAL STRATEGIC  OVERVIEW FOR QUANTUM  INFORMATION SCIENCE,SCQIS,ORG,,,
3,21,USA,2018,NATIONAL STRATEGIC  OVERVIEW FOR QUANTUM  INFORMATION SCIENCE,OSTP,ORG,,,
3,23,USA,2018,NATIONAL STRATEGIC  OVERVIEW FOR QUANTUM  INFORMATION SCIENCE,SCQIS,ORG,,,
3,23,USA,2018,NATIONAL STRATEGIC  OVERVIEW FOR QUANTUM  INFORMATION SCIENCE,OSTP,ORG,,,
3,23,USA,2018,NATIONAL STRATEGIC  OVERVIEW FOR QUANTUM  INFORMATION SCIENCE,QIS,ORG,,,
3,24,USA,2018,NATIONAL STRATEGIC  OVERVIEW FOR QUANTUM  INFORMATION SCIENCE,QIS,ORG,,,
3,25,USA,2018,NATIONAL STRATEGIC  OVERVIEW FOR QUANTUM  INFORMATION SCIENCE,NSTC,ORG,,,
3,25,USA,2018,NATIONAL STRATEGIC  OVERVIEW FOR QUANTUM  INFORMATION SCIENCE,SCQIS,ORG,,,
3,25,USA,2018,NATIONAL STRATEGIC  OVERVIEW FOR QUANTUM  INFORMATION SCIENCE,Trump Administration,ORG,,,
3,25,USA,2018,NATIONAL STRATEGIC  OVERVIEW FOR QUANTUM  INFORMATION SCIENCE,QIS,ORG,,,
3,26,USA,2018,NATIONAL STRATEGIC  OVERVIEW FOR QUANTUM  INFORMATION SCIENCE,Government,ORG,,,
3,27,USA,2018,NATIONAL STRATEGIC  OVERVIEW FOR QUANTUM  INFORMATION SCIENCE,QIS,ORG,,,
3,27,USA,2018,NATIONAL STRATEGIC  OVERVIEW FOR QUANTUM  INFORMATION SCIENCE,Nation,ORG,,,
3,29,USA,2018,NATIONAL STRATEGIC  OVERVIEW FOR QUANTUM  INFORMATION SCIENCE,QIS,ORG,,,
3,30,USA,2018,NATIONAL STRATEGIC  OVERVIEW FOR QUANTUM  INFORMATION SCIENCE,QIS,ORG,,,
3,32,USA,2018,NATIONAL STRATEGIC  OVERVIEW FOR QUANTUM  INFORMATION SCIENCE,Nation,ORG,,,
3,32,USA,2018,NATIONAL STRATEGIC  OVERVIEW FOR QUANTUM  INFORMATION SCIENCE,QIS,ORG,,,
3,33,USA,2018,NATIONAL STRATEGIC  OVERVIEW FOR QUANTUM  INFORMATION SCIENCE,QIS,ORG,,,
3,40,USA,2018,NATIONAL STRATEGIC  OVERVIEW FOR QUANTUM  INFORMATION SCIENCE,Nation,ORG,,,
3,40,USA,2018,NATIONAL STRATEGIC  OVERVIEW FOR QUANTUM  INFORMATION SCIENCE,QIS,ORG,,,
3,45,USA,2018,NATIONAL STRATEGIC  OVERVIEW FOR QUANTUM  INFORMATION SCIENCE,QIS,ORG,,,
3,5,USA,2018,NATIONAL STRATEGIC  OVERVIEW FOR QUANTUM  INFORMATION SCIENCE,QIS,ORG,,,
3,51,USA,2018,NATIONAL STRATEGIC  OVERVIEW FOR QUANTUM  INFORMATION SCIENCE,Nation,ORG,,,
3,54,USA,2018,NATIONAL STRATEGIC  OVERVIEW FOR QUANTUM  INFORMATION SCIENCE,QIS,ORG,,,
3,56,USA,2018,NATIONAL STRATEGIC  OVERVIEW FOR QUANTUM  INFORMATION SCIENCE,Grand Challenges,ORG,,,
3,6,USA,2018,NATIONAL STRATEGIC  OVERVIEW FOR QUANTUM  INFORMATION SCIENCE,QIS,ORG,,,
3,61,USA,2018,NATIONAL STRATEGIC  OVERVIEW FOR QUANTUM  INFORMATION SCIENCE,NISQ,ORG,,,
3,64,USA,2018,NATIONAL STRATEGIC  OVERVIEW FOR QUANTUM  INFORMATION SCIENCE,QIS,ORG,,,
3,65,USA,2018,NATIONAL STRATEGIC  OVERVIEW FOR QUANTUM  INFORMATION SCIENCE,QIS,ORG,,,
3,67,USA,2018,NATIONAL STRATEGIC  OVERVIEW FOR QUANTUM  INFORMATION SCIENCE,QIS,ORG,,,
3,7,USA,2018,NATIONAL STRATEGIC  OVERVIEW FOR QUANTUM  INFORMATION SCIENCE,Trump,ORG,,,
3,7,USA,2018,NATIONAL STRATEGIC  OVERVIEW FOR QUANTUM  INFORMATION SCIENCE,QIS,ORG,,,
3,75,USA,2018,NATIONAL STRATEGIC  OVERVIEW FOR QUANTUM  INFORMATION SCIENCE,Quantum Science and Engineering Program,ORG,,,
3,75,USA,2018,NATIONAL STRATEGIC  OVERVIEW FOR QUANTUM  INFORMATION SCIENCE,DOD,ORG,,,
3,75,USA,2018,NATIONAL STRATEGIC  OVERVIEW FOR QUANTUM  INFORMATION SCIENCE,Department of Defense,ORG,,,
3,75,USA,2018,NATIONAL STRATEGIC  OVERVIEW FOR QUANTUM  INFORMATION SCIENCE,NIST,ORG,,,
3,75,USA,2018,NATIONAL STRATEGIC  OVERVIEW FOR QUANTUM  INFORMATION SCIENCE,National Institute of Standards and Technology’s,ORG,,,
3,75,USA,2018,NATIONAL STRATEGIC  OVERVIEW FOR QUANTUM  INFORMATION SCIENCE,National Defense Science and Engineering Graduate Fellowship Program,ORG,,,
3,75,USA,2018,NATIONAL STRATEGIC  OVERVIEW FOR QUANTUM  INFORMATION SCIENCE,NSF,ORG,,,
3,75,USA,2018,NATIONAL STRATEGIC  OVERVIEW FOR QUANTUM  INFORMATION SCIENCE,National Science Foundation,ORG,,,
3,75,USA,2018,NATIONAL STRATEGIC  OVERVIEW FOR QUANTUM  INFORMATION SCIENCE,Department of Energy,ORG,,,
3,75,USA,2018,NATIONAL STRATEGIC  OVERVIEW FOR QUANTUM  INFORMATION SCIENCE,DOE,ORG,,,
3,79,USA,2018,NATIONAL STRATEGIC  OVERVIEW FOR QUANTUM  INFORMATION SCIENCE,Quantum Science and Engineering,ORG,,,
3,8,USA,2018,NATIONAL STRATEGIC  OVERVIEW FOR QUANTUM  INFORMATION SCIENCE,QIS,ORG,,,
3,85,USA,2018,NATIONAL STRATEGIC  OVERVIEW FOR QUANTUM  INFORMATION SCIENCE,Nation,ORG,,,
3,86,USA,2018,NATIONAL STRATEGIC  OVERVIEW FOR QUANTUM  INFORMATION SCIENCE,NSTC,ORG,,,
3,86,USA,2018,NATIONAL STRATEGIC  OVERVIEW FOR QUANTUM  INFORMATION SCIENCE,STEM,ORG,,,
3,9,USA,2018,NATIONAL STRATEGIC  OVERVIEW FOR QUANTUM  INFORMATION SCIENCE,National Science and Technology Council,ORG,,,
3,9,USA,2018,NATIONAL STRATEGIC  OVERVIEW FOR QUANTUM  INFORMATION SCIENCE,NSTC,ORG,,,
3,9,USA,2018,NATIONAL STRATEGIC  OVERVIEW FOR QUANTUM  INFORMATION SCIENCE,SCQIS,ORG,,,
3,9,USA,2018,NATIONAL STRATEGIC  OVERVIEW FOR QUANTUM  INFORMATION SCIENCE,Quantum Information Science,ORG,,,
3,93,USA,2018,NATIONAL STRATEGIC  OVERVIEW FOR QUANTUM  INFORMATION SCIENCE,QIS,ORG,,,
3,96,USA,2018,NATIONAL STRATEGIC  OVERVIEW FOR QUANTUM  INFORMATION SCIENCE,QIS,ORG,,,
3,96,USA,2018,NATIONAL STRATEGIC  OVERVIEW FOR QUANTUM  INFORMATION SCIENCE,Government,ORG,,,
